TRIBUNAL ELECTORAL;;;;;;;;;;;;;;;;
COMISI‡N DE ESTAD÷STICAS  ;;;;;;;;;;;;;;;;
Cuadro No.10  VOTOS OBTENIDOS POR ALCALDES PROCLAMADOS, SEGÈN DISTRITO:;;;;;;;;;;;;;;;;
ELECCI‡N GENERAL DEL 5 DE MAYO DE 2024;;;;;;;;;;;;;;;;
;;;;;;;;;;;;;;;;
Provincia;Distrito;Nombre;Votos V†lidos;Partido Pol°tico;;;;;;;;;;;;
;;;;;;;;;;;;;;;;
;;;;;;;;;;;;;;;;
;;;;;;;;;;;;;;;;
Bocas del Toro ;Bocas del Toro;"Wilbur ""Waya"" Mart°nez";2,962;PRD;;;;;;;;;;;;
;Changuinola;Yesica Romero;11,532;CD;;;;;;;;;;;;
;Chiriqu° Grande;Ariel Wright;3,064;RM;;;;;;;;;;;;
;Almirante;Ameth Zapata;4,553;PRD;;;;;;;;;;;;
;;;;;;;;;;;;;;;;
CoclÇ;Aguadulce;Jorge Herrera;13,716;P. Paname§ista;;;;;;;;;;;;
;Ant¢n;Erick Dom°nguez;8,148;PRD;;;;;;;;;;;;
 ;La Pintada;Ina Rodr°guez;6,408;RM;;;;;;;;;;;;
;Nat†;Harry de Jes£s Agrazal;4,122;P. Alianza;;;;;;;;;;;;
;Ol†;Arcenio Ort°z P.;950;P. Alianza;;;;;;;;;;;;
;PenonomÇ;Robin Kam Gallardo;18,361;RM ;;;;;;;;;;;;
;;;;;;;;;;;;;;;;
Col¢n;Col¢n;Di¢genes Galv†n;35,846;Libre Postulaci¢n ;;;;;;;;;;;;
;Chagres;Eugenio Delgado;3,150;   PRD   ;;;;;;;;;;;;
;Donoso;Edilberto Medina;2,050; PRD ;;;;;;;;;;;;
;Portobelo;Carlos Chavarria;2,540;MOLIRENA;;;;;;;;;;;;
;Santa Isabel;Amed Meza;2,126;P. Paname§ista;;;;;;;;;;;;
;Omar Torrijos Herrera;Eulalio Yangez;818;CD;;;;;;;;;;;;
;;;;;;;;;;;;;;;;
Chiriqu°;Alanje;Doris Atencio;3,787;PRD;;;;;;;;;;;;
 ;Bar£;Franklin ValdÇs ;7,510;P. Paname§ista;;;;;;;;;;;;
;Boquer¢n;Jesenka Espinoza;6,409;PRD;;;;;;;;;;;;
;Boquete;Eduardo Rodr°guez ;6,058;CD;;;;;;;;;;;;
;Bugaba;Rafael Tito Quintero;17,631;CD;;;;;;;;;;;;
;David;Joaqu°n De le¢n ;38,864;P. Paname§ista;;;;;;;;;;;;
;Dolega;Miguel Pitt°;4,364;P. Popular ;;;;;;;;;;;;
;Gualaca;Luis Manuel Estrib°;2,396;P. Popular;;;;;;;;;;;;
;Remedios;Vielka G†lvez;1,585;PRD;;;;;;;;;;;;
;Renacimiento;Quintin Pitt°;4,494;P. Paname§ista;;;;;;;;;;;;
;San Lorenzo;Gustavo Polanco ;1,897;PRD;;;;;;;;;;;;
;TolÇ;Eliecer Castrell¢n ;3,021;P. Popular ;;;;;;;;;;;;
;San FÇlix;Alberto Ticas;1,668;PRD;;;;;;;;;;;;
;Tierras  Altas;Alexander Chavarr°a;3,156;P. Paname§ista;;;;;;;;;;;;
;;;;;;;;;;;;;;;;
DariÇn;Chepigana;Yenia Julio;2,812;CD;;;;;;;;;;;;
;Pinogana;Nadine Gonz†lez;4,308;PRD;;;;;;;;;;;;
;Santa FÇ;Yamileth Cruz;2,604;Libre Postulaci¢n ;;;;;;;;;;;;
;;;;;;;;;;;;;;;;
Herrera;ChitrÇ;Juan C. Huerta S.;21,325;PRD;;;;;;;;;;;;
;Las Minas;Rubencito R°os;2,253;RM;;;;;;;;;;;;
;Los Pozos;Omar Bultr¢n;2,595;P. Paname§ista;;;;;;;;;;;;
;Oc£;Edwin Mart°nez ;5,027;RM;;;;;;;;;;;;
;Parita;Osman Bernal;3,678;P. Paname§ista;;;;;;;;;;;;
;PesÇ;Yecenia Alfonso;4,761;P. Popular;;;;;;;;;;;;
;Santa Mar°a;Iv†n Eladio De Le¢n;3,233;P. Paname§ista;;;;;;;;;;;;
;;;;;;;;;;;;;;;;
Los Santos ;GuararÇ;Amado Franco Bustamante;4,993;CD;;;;;;;;;;;;
;Las Tablas;Noe Herrera;6,781;PRD;;;;;;;;;;;;
;Los Santos;Ra£l Montenegro;8,535;Libre Postulaci¢n ;;;;;;;;;;;;
;Macaracas;Eliecer CortÇs;3,038;PRD;;;;;;;;;;;;
;Pedas°;Miguel Batista;1,544;CD;;;;;;;;;;;;
;Pocr°;Manuel Soriano;1,271;P. Paname§ista;;;;;;;;;;;;
;Tonos°;Anibal Dom°nguez;2,648;PRD;;;;;;;;;;;;
;;;;;;;;;;;;;;;;
Panam†;Balboa;JosÇ Lasprilla;947;CD;;;;;;;;;;;;
;Chepo;"Juan ""Fito"" Jaramillo";10,920;RM;;;;;;;;;;;;
;Chim†n;Olsvaldo Gonz†lez;1,481;RM;;;;;;;;;;;;
;Panam†;Mayer Mizrachi;161,460;P. Popular ;;;;;;;;;;;;
;San Miguelito;Irma E. Hern†ndez;89,000;Libre Postulaci¢n ;;;;;;;;;;;;
;Taboga;Ram¢n Ramos;694;CD;;;;;;;;;;;;
;;;;;;;;;;;;;;;;
Veraguas ;Atalaya;Tom†s Robles;2,145;PRD;;;;;;;;;;;;
;Calobre;Min Salda§a;2,696;PRD ;;;;;;;;;;;;
;Ca§azas;Francisco Brea;3,817;P. Paname§ista;;;;;;;;;;;;
;La Mesa;"JosÇ ""Chema"" Tristan";2,710;PRD;;;;;;;;;;;;
;Las Palmas;Ezequiel Rodr°guez;4,274;MOLIRENA;;;;;;;;;;;;
;Montijo;Alberto Melamed Gonz†lez;2,232;PRD;;;;;;;;;;;;
;R°o De Jes£s;Humberto S†nchez;1,886;PRD;;;;;;;;;;;;
;San Francisco;"Albercio ""Pito"" Ellis";1,927;PRD;;;;;;;;;;;;
;Santa FÇ;Hortencio Palma ;4,412;P. Paname§ista;;;;;;;;;;;;
;Santiago;Eric Javier JaÇn;16,439;MOCA;;;;;;;;;;;;
;Son†;Salustiano M¢jica;5,718;RM;;;;;;;;;;;;
;Mariato;Angel Batista Barr°a;1,269;P. Paname§ista;;;;;;;;;;;;
;;;;;;;;;;;;;;;;
Comarca Ember† Wouna†n;CÇmaco;Francisco Agapi Chami;1,452;PRD ;;;;;;;;;;;;
;Samb£;Daniel Droma;584;PRD ;;;;;;;;;;;;
;;;;;;;;;;;;;;;;
Comarca NgÑbe BuglÇ;Kankint£;Benito Serrano;3,768;PRD;;;;;;;;;;;;
;Kusap°n;Samuel Archibold;2,413;PRD;;;;;;;;;;;;
;Besiko;Joaqu°n Aguirre Montezuma ;3,729;MOLIRENA;;;;;;;;;;;;
;Miron¢;Victor De Gracia;3,310;PRD;;;;;;;;;;;;
;MÅna;Ferm°n JimÇnez;8,557;PRD ;;;;;;;;;;;;
;Nole DÅima;Hip¢lito J°menez;3,654;P. Paname§ista;;;;;;;;;;;;
;•Årun;Pedro Cama§o;2,534;Libre Postulaci¢n ;;;;;;;;;;;;
;Jirondai;Emilio Smith;5,231;CD;;;;;;;;;;;;
;Santa catalina o CalovÇbora (Bledeshia);Bernabela Virola;1,509;PRD;;;;;;;;;;;;
;;;;;;;;;;;;;;;;
Panam† Oeste;Arraij†n;Stefany Pe§alba;39,813;Libre Postulaci¢n ;;;;;;;;;;;;
;Capira;Ket Yau;9,316;RM;;;;;;;;;;;;
;Chame;Francisco Le¢n;8,133;RM;;;;;;;;;;;;
;La Chorrera;Eloy Chong;37,190;CD;;;;;;;;;;;;
;San Carlos;Antonio Pope;6,533;P. Alianza ;;;;;;;;;;;;
;;;;;;;;;;;;;;;;
;;;;;;;;;;;;;;;;
Nota: Informe Preliminar. No Incluye impugnaciones.;;;;;;;;;;;;;;;;
Fuente: Actas de las juntas distritales de escrutinio.;;;;;;;;;;;;;;;;
;;;;;;;;;;;;;;;;
;;;;;;;;;;;;;;;;
;;;;;;;;;;;;;;;;
;;;;;;;;;;;;;;;;
