TRIBUNAL ELECTORAL;;;;;;;;;;;
COMISIàN DE ESTADÖSTICAS ;;;;;;;;;;;
Cuaro No.6  VOTOS OBTENIDOS POR DIPUTADOS PROCLAMADOS, SEGéN CIRCUITO:;;;;;;;;;;;
ELECCIàN GENERAL DEL 5 DE MAYO DE 2024;;;;;;;;;;;
;;;;;;;;;;;
Circuito Electoral;Tipo de Circuito;Padr¢n Electoral;Total de Votos Emitidos;Votantes (%);;Total de;Votos Obtenidos por Diputados;;;;Tipo de Proclamaci¢n por Circuito Electoral
;;;;Participaci¢n;Abstencionismo;Votos;Seg£n Partidos Pol¡ticos;;;;
;;;;;;V lidos;Nombre;Votos;(%);Partido Pol¡tico o LP;
;;;;;;;;;;;
;;;;;;;;;;;Total
;;;;;;;;;;;
1.1;Plurinominal (2);111,359;81,307;73.0;27.0;77,413;Yesica Romero;16,927;21.9;CD;Residuo
;;;;;;;"Benicio Robinson ""El Gato""";16,860;21.8;PRD;Residuo
;;;;;;;;;;;
2.1;Plurinominal (2);77,411;61,828;79.9;20.1;57,845;Julio de La Guardia ;12,390;21.4;CD;Residuo
;;;;;;;"Nestor ""Tin"" Guardia";10,386;18.0;PRD;Residuo
2.2;Uninominal;45,874;36733;80.1;19.9;34,751;"Orlando ""El Capi"" Carrasquilla";11,818;34.0;CD;Candidato M s Votado
2.3;Uninominal;47,304;38,643;81.7;18.3;35,921;Dana Casta¤eda;15,147;42.2;RM;Candidato M s Votado
2.4;Uninominal;38,829;31,346;80.7;19.3;30,198;Jorge Herrera;9,396;31.1;P. Paname¤ista;Candidato M s Votado
;;;;;;;;;;;
3.1;Plurinominal (4);173,829;120,345;69.2;30.8;112,123;V¡ctor de Jesus hijo de Delfia;21,460;19.1;RM;1/2 Cociente
;;;;;;;Yamireliz Chong;13,599;12.1;Libre Postulaci¢n;1/2 Cociente
;;;;;;;"Jairo ""Bolota"" Salazar";13,396;11.9;PRD;1/2 Cociente
;;;;;;;"Rogelio ""Revan"" Revello";16,875;15.1;RM;Residuo
3.2;Uninominal;34,296;28,179;82.2;17.8;25,963;Nelson Jackson Palma;9,945;38.3;PRD;Candidato M s Votado
;;;;;;;;;;;
4.1;Plurinominal (3);128,170;96,713;75.5;24.5;92,140;"Augusto ""Tuto"" Palacios";20,169;21.9;Libre Postulaci¢n;1/2 Cociente
;;;;;;;"Carlos ""Calitin"" Salda¤a";18,782;20.4;Libre Postulaci¢n;Residuo
;;;;;;;Jamis Acosta;11,588;12.6;RM;Residuo
4.2;Uninominal;49,712;34,561;69.5;30.5;32,993;Osman Camilo G¢mez;8,328;25.2;P. Alianza;Candidato M s Votado
4.3;Plurinominal (2);70,859;53,132;75.0;25.0;50,201;Ricardo Vigil L¢pez;13,169;26.2;P. Paname¤ista;1/2 Cociente
;;;;;;;Ariana Coba;9,712;19.3;P. Paname¤ista;Residuo
4.4;Uninominal;46,704;36,810;78.8;21.2;34,482;Medin Jim‚nez Pitt¡;11,772;34.1;P. Paname¤ista;Candidato M s Votado
4.5;Uninominal;49,001;38,970;79.5;20.5;37,341;Jhonathan Vega;7,613;20.4;Libre Postulaci¢n;Candidato M s Votado
4.6;Uninominal;28,663;24,330;84.9;15.1;22,914;Eli‚cer Castrell¢n ;8,916;38.9;P. Popular;Candidato M s Votado
5.1;Uninominal;28,028;22,320;79.6;20.4;20,131;Isaac Mosquera;6,162;30.6;MOLIRENA;Candidato M s Votado
5.2;Uninominal;21,495;16,756;78.0;22.0;15,763;Jaime Vargas;5,927;37.6;PRD;Candidato M s Votado
;;;;;;;;;;;
6.1;Uninominal;44,412;36,857;83.0;17.0;36,080;Manuel Cohen;12,190;33.8;CD;Candidato M s Votado
6.2;Uninominal;29,753;26,630;89.5;10.5;25,583;"Jos‚ ""Popi"" Varela";15,187;59.4;P. Paname¤ista;Candidato M s Votado
6.3;Uninominal;31,394;27,176;86.6;13.4;25,805;Marcos Castillero B.;8,594;33.3;PRD;Candidato M s Votado
;;;;;;;;;;;
7.1;Uninominal;43,176;37,614;87.1;12.9;36,052;Tito Af£;16,128;44.7;CD;Candidato M s Votado
7.2;Uninominal;42,006;37,119;88.4;11.6;35,256;Ronald de Gracia;9,871;28.0;RM;Candidato M s Votado
;;;;;;;;;;;
8.1;Uninominal;47,202;36,002;76.3;23.7;33,823;"Joan ""Jony"" Guevara";11,772;34.8;P. Alianza;Candidato M s Votado
8.2;Plurinominal (7);251,303;181,938;72.4;27.6;172,474;Eduardo Gaitan ;68,169;39.5;Libre Postulaci¢n;Cociente
;;;;;;;"Alexandra ""Ale"" Brenes ";65,103;37.7;Libre Postulaci¢n;Cociente
;;;;;;;"Luis ""Lucho"" Duke";66,324;38.5;Libre Postulaci¢n;Cociente
;;;;;;;"Camacho Castro ""El Amigo Fiel""";19,267;11.2;RM;Cociente
;;;;;;;Raul Pineda;15,730;9.1;PRD;1/2 Cociente
;;;;;;;Doctora Yarelis Rodriguez ;64,498;37.4;Libre Postulaci¢n;Residuo
;;;;;;;Omar Ortega;17,705;10.3;RM;Residuo
8.3;Plurinominal (5);167,207;111,611;66.8;33.2;107,062;Dr. Crispiano Adames Navarro;15,114;14.1;PRD;Cociente
;;;;;;;"Sergio ""Chello"" G lvez";14,502;13.5;RM;1/2 Cociente
;;;;;;;Jos‚ P‚rez Barboni;12,355;11.5;MOCA;1/2 Cociente
;;;;;;;Walkiria Chandler D'Orcy;30,435;28.4;Libre Postulaci¢n;Cociente
;;;;;;;Paulette Thomas Horly;29,648;27.7;Libre Postulaci¢n;Residuo
8.4;Plurinominal (5);168,624;115,484;68.5;31.5;111,549;Roberto Zu¤iga;40,766;36.5;Libre Postulaci¢n;Cociente
;;;;;;;"Javier ""Paco"" Sucre";10,441;9.4;PRD;1/2 Cociente
;;;;;;;Doctor Ernesto Cede¤o;14,577;13.1;MOCA;1/2 Cociente
;;;;;;;Jorge Bloise Iglesias;40,205;36.0;Libre Postulaci¢n;Residuo
;;;;;;;Grace Hern ndez;12,697;11.4;MOCA;Residuo
8.5;Plurinominal (3);152,482;114,858;75.3;24.7;109,073;Neftali Zamora;34,613;31.7;Libre Postulaci¢n;Cociente
;;;;;;;Jorge Gonzalez;33,559;30.8;Libre Postulaci¢n;Residuo
;;;;;;;Ariel Vallarino ;13,740;12.6;RM;Residuo
8.6;Plurinominal (4);236,093;171,874;72.8;27.2;163,565;Betserai Richards;33,692;20.6;Libre Postulaci¢n;1/2 Cociente
;;;;;;;Ala¡n Cede¤o;27,434;16.8;RM ;1/2 Cociente
;;;;;;;Manuel Samaniego;22,430;13.7;Libre Postulaci¢n;1/2 Cociente
;;;;;;;Raphael Buchanan;14,513;8.9;PRD;1/2 Cociente
;;;;;;;;;;;
9.1;Plurinominal (2);77,634;65,397;84.2;15.8;62,133;Janine Prado;15,466;24.9;Libre Postulaci¢n;1/2 Cociente
;;;;;;;Miguel Angel Campos;12,956;20.9;Libre Postulaci¢n;Residuo
9.2;Uninominal;53,878;45,406;84.3;15.7;42,000;"Tomas ""Tomy"" Benavides";11,992;28.6;RM;Candidato M s Votado
9.3;Uninominal;51,366;42,961;83.6;16.4;38,421;"Francisco ""Panchito"" Brea";16,042;41.8;P. Paname¤ista;Candidato M s Votado
9.4;Uninominal;27,817;24,569;88.3;11.7;23,357;"Didiano ""didi"" Pinilla";8,985;38.5;CD;Candidato M s Votado
;;;;;;;;;;;
10.1;Uninominal;15,583;9,930;63.7;36.3;9,027;Flor Brenes;2,799;31.0;PRD;Candidato M s Votado
10.2;Uninominal;12,879;9,828;76.3;23.7;9,526;Dr. A. Arias;2,550;26.8;PRD;Candidato M s Votado
;;;;;;;;;;;
12.1;Uninominal;61,548;38,759;63.0;37.0;35,591;"Roberto Archibold ""Chobra""";13,307;37.4;P. Paname¤ista;Candidato M s Votado
12.2;Uninominal;57,250;41,252;72.1;27.9;37,350;Nixon Andrade;12,548;33.6;PRD;Candidato M s Votado
12.3;Uninominal;49,167;38,023;77.3;22.7;33,821;"Gertrudis ""Tule"" Rodriguez";11,429;33.8;CD;Candidato M s Votado
;;;;;;;;;;;
13.1;Plurinominal (3);191,551;142,775;74.5;25.5;135,686;Lenin Alberto Ulate R.;23,474;17.3;Libre Postulaci¢n;1/2 Cociente
;;;;;;;"Shirley Casta¤edas ""La Licen""";20,048;14.8;RM;1/2 Cociente
;;;;;;;Manuel Cheng Pe¤alba;21,783;16.1;Libre Postulaci¢n;Residuo
13.2;Uninominal;35,701;30,360;85.0;15.0;29,036;"Eduardo ""Fana"" Vasquez";13,163;45.3;CD;Candidato M s Votado
13.3;Uninominal;40,973;34,942;85.3;14.7;33,587;Edwin Vergara;12,372;36.8;P. Paname¤ista;Candidato M s Votado
13.4;Plurinominal (3);159,092;121,334;76.3;23.7;113,892;Yuzaida Marin;20,293;17.8;RM;1/2 Cociente
;;;;;;;Lilia Batista;19,128;16.8;RM;1/2 Cociente
;;;;;;;Patsy Lee Renteria;11,872;10.4;P. Popular;Residuo
;;;;;;;;;;;
;;;;;;;;;;;
Nota: Informe Preliminar. No Incluye impugnaciones.;;;;;;;;;;;
Fuente: Actas de las Juntas de Escrutinio de los Circuitos Electorales.;;;;;;;;;;;
