report_id,report_title,report_description,is_private,session_id,session_type,session_number,session_date,session_start,session_end,num_votings,created_at
106,Sesion permantente del 5 de Abril,,False,61,4,1,2021-04-05,2021-04-05T19:46:26.000Z,2021-04-06T19:32:48.000Z,3,2021-04-19T20:55:59.000Z
109,Sesión ordinaria del 7  de abril,,False,67,Ordinaria,1,2021-04-07,2021-04-07T18:10:50.000Z,2021-04-07T22:39:29.000Z,5,2021-04-19T21:02:39.000Z
112,Sesión ordinaria 8 de abril,,False,70,Ordinaria,1,2021-04-08,2021-04-08T17:52:24.000Z,2021-04-08T19:14:34.000Z,2,2021-04-19T21:06:46.000Z
118,Sesion Permanente 12 de abril,,False,73,4,1,2021-04-12,2021-04-12T20:05:39.000Z,2021-04-14T21:47:33.000Z,8,2021-04-19T21:13:59.000Z
121,Sesión permanente 15 de abril,,False,85,4,1,2021-04-15,2021-04-15T17:10:02.000Z,2021-04-15T22:22:15.000Z,5,2021-04-19T21:18:10.000Z
127,Sesion del 19 de abril 2019,,False,88,4,1,2021-04-19,2021-04-19T19:23:47.000Z,2021-04-20T21:49:33.000Z,10,2021-04-26T02:16:41.000Z
133,Sesión Permanente 21 de abril,,False,94,4,1,2021-04-21,2021-04-21T17:14:54.000Z,2021-04-26T21:35:10.000Z,13,2021-04-29T20:59:48.000Z
136,Sesión Permanente del 26 abril,,False,100,4,1,2021-04-26,2021-04-26T21:45:10.000Z,2021-04-27T17:19:55.000Z,4,2021-04-29T21:01:43.000Z
139,Sesión Permanente del 27 Abril,,False,103,4,1,2021-04-27,2021-04-27T17:51:30.000Z,2021-04-28T21:54:46.000Z,14,2021-04-29T21:19:04.000Z
176,Sesion ordinario 29 de abril,,False,109,4,1,2021-04-29,2021-04-29T18:12:56.000Z,2021-04-29T22:38:37.000Z,10,2021-07-07T20:38:47.000Z
179,Reporte del 7 Julio,,False,137,Ordinaria,1,2021-07-07,2021-07-07T20:06:14.000Z,2021-07-07T23:28:38.000Z,1,2021-07-12T15:09:26.000Z
182,Reporte 8 de julio,,False,140,Ordinaria,1,2021-07-08,2021-07-08T14:59:07.000Z,2021-07-08T15:56:44.000Z,1,2021-07-12T15:11:16.000Z
191,Sesion ordinaria del 13 de julio del 2021,,False,146,Ordinaria,1,2021-07-13,2021-07-13T20:04:46.000Z,2021-07-14T18:13:22.000Z,1,2021-07-19T22:12:49.000Z
194,Sesion ordinaria del 14 de julio del 2021,,False,149,Ordinaria,1,2021-07-14,2021-07-14T20:28:05.000Z,2021-07-14T22:41:41.000Z,2,2021-07-19T22:14:51.000Z
197,Sesion ordinaria del 15 de julio del 2021,,False,152,Ordinaria,1,2021-07-15,2021-07-15T14:10:13.000Z,2021-07-15T16:11:42.000Z,2,2021-07-19T22:16:17.000Z
200,Sesion ordinaria del 19 del 2021,,False,155,Ordinaria,1,2021-07-19,2021-07-19T20:04:03.000Z,2021-07-20T19:54:37.000Z,3,2021-07-26T22:29:40.000Z
203,Sesion Ordinaria del 20 de julio del 2021,,False,161,Ordinaria,1,2021-07-20,2021-07-20T20:22:11.000Z,2021-07-20T22:12:20.000Z,1,2021-07-26T22:31:25.000Z
215,Sesión Ordinaria 26 de julio 2021,,False,170,Ordinaria,1,2021-07-26,2021-07-26T20:52:45.000Z,2021-07-26T22:51:11.000Z,3,2021-08-16T21:03:31.000Z
218,Sesión Ordinaria del 27 de Julio del 2021,,False,173,Ordinaria,1,2021-07-27,2021-07-27T20:30:51.000Z,2021-07-28T18:03:50.000Z,2,2021-08-16T21:05:34.000Z
221,Sessión ordinaria del 28 de julio del 2021,,False,176,Ordinaria,1,2021-07-28,2021-07-28T20:14:31.000Z,2021-07-29T13:50:30.000Z,3,2021-08-16T21:07:08.000Z
224,Sesión ordinaria del 2 de Agosto del 2021,,False,182,Ordinaria,1,2021-08-02,2021-08-02T20:27:47.000Z,2021-08-03T19:21:23.000Z,2,2021-08-16T21:21:06.000Z
230,Sesión ordinaria del 4 de Agosto del 2021,,False,188,Ordinaria,1,2021-08-04,2021-08-04T20:26:47.000Z,2021-08-05T14:17:18.000Z,3,2021-08-16T21:24:33.000Z
233,Sesión ordinaria del 5 Agosto 2021,,False,191,Ordinaria,1,2021-08-05,2021-08-05T14:31:27.000Z,2021-08-05T17:34:28.000Z,2,2021-08-16T21:27:37.000Z
236,Sesión ordinaria del 9 de Agosto del 2021,,False,194,Ordinaria,1,2021-08-09,2021-08-09T21:30:45.000Z,2021-08-10T16:25:26.000Z,1,2021-08-16T21:29:22.000Z
239,Sesión ordinaria del 10 de Agosto del 2021,,False,197,Ordinaria,1,2021-08-10,2021-08-10T20:39:05.000Z,2021-08-11T19:06:56.000Z,1,2021-08-16T21:31:04.000Z
242,Sesión ordinaria del 11 de Agosto del 2021,,False,200,Ordinaria,1,2021-08-11,2021-08-11T20:15:23.000Z,2021-08-12T14:19:35.000Z,2,2021-08-16T21:32:15.000Z
245,Sesión ordinaria del 12 de Agosto del 2021,,False,203,Ordinaria,1,2021-08-12,2021-08-12T14:45:33.000Z,2021-08-13T01:05:43.000Z,1,2021-08-16T21:33:11.000Z
257,Sesión ordinaria del 16 de Agosto del 2021,,False,206,Ordinaria,1,2021-08-16,2021-08-16T20:35:21.000Z,2021-08-17T17:09:20.000Z,2,2021-08-30T21:23:05.000Z
281,Sesion Ordinaria del 17 Agosto del 2021,,False,209,Ordinaria,1,2021-08-17,2021-08-17T20:35:43.000Z,2021-08-18T19:59:36.000Z,4,2021-09-06T22:46:29.000Z
284,Sesión Ordinaria del 18 Agosto del 2021,,False,212,Ordinaria,1,2021-08-18,2021-08-18T20:32:29.000Z,2021-08-19T14:11:06.000Z,2,2021-09-06T22:48:36.000Z
287,Sesión Ordinaria del 19 de Agosto del 2021,,False,215,Ordinaria,1,2021-08-19,2021-08-19T14:48:41.000Z,2021-08-21T15:56:57.000Z,1,2021-09-06T22:50:12.000Z
290,Sesión Ordinaria del 23 de Agosto del 2021,,False,218,Ordinaria,1,2021-08-23,2021-08-23T20:29:48.000Z,2021-08-24T19:04:43.000Z,3,2021-09-06T22:53:19.000Z
293,Sesión ordinaria del 24 de Agosto del 2021,,False,221,Ordinaria,1,2021-08-24,2021-08-24T20:52:38.000Z,2021-08-27T20:25:45.000Z,3,2021-09-06T22:55:18.000Z
296,Sesión ordinaria del 30 de Agosto del 2021,,False,227,Ordinaria,1,2021-08-30,2021-08-30T20:31:54.000Z,2021-08-30T23:56:53.000Z,4,2021-09-06T22:57:35.000Z
311,Sesión ordinaria del 1 de Septiembre del 2021,,False,233,Ordinaria,1,2021-09-01,2021-09-01T19:03:39.000Z,2021-09-02T13:56:16.000Z,1,2021-09-15T20:59:40.000Z
314,Sesión ordenaria del 2 de Septiembre del 2021,,False,236,Ordinaria,1,2021-09-02,2021-09-02T14:56:41.000Z,2021-09-06T19:26:01.000Z,1,2021-09-15T21:02:28.000Z
317,Sesión ordinaria del 6 de Septiembre del 2021,,False,239,Ordinaria,1,2021-09-06,2021-09-06T20:40:55.000Z,2021-09-06T23:54:22.000Z,1,2021-09-15T21:04:45.000Z
320,Sesión del ordinaria del 7 de Septiembre del 2021,,False,242,Ordinaria,1,2021-09-07,2021-09-07T20:49:46.000Z,2021-09-07T23:07:40.000Z,1,2021-09-15T21:07:24.000Z
323,Sesión ordinaria del 8 de Septiembre del 2021,,False,245,Ordinaria,1,2021-09-08,2021-09-08T18:40:08.000Z,2021-09-08T20:21:49.000Z,2,2021-09-15T21:08:55.000Z
332,Sesión ordinaria del 14 de Septiembre del 2021,,False,254,Ordinaria,1,2021-09-14,2021-09-14T18:26:40.000Z,2021-09-15T20:18:49.000Z,2,2021-09-15T21:12:06.000Z
356,Sesión ordinaria del 15 de Septiembre del 2021,,False,257,Ordinaria,1,2021-09-15,2021-09-15T20:44:24.000Z,2021-09-16T14:04:30.000Z,2,2021-10-05T22:16:20.000Z
359,Sesión ordinaria del 16 Septiembre del 2021,,False,260,Ordinaria,1,2021-09-16,2021-09-16T15:12:23.000Z,2021-09-16T16:42:15.000Z,1,2021-10-05T22:18:37.000Z
362,Sesión ordinaria del 20 Septiembre del 2021,,False,263,Ordinaria,1,2021-09-20,2021-09-20T20:49:51.000Z,2021-09-21T19:29:28.000Z,3,2021-10-05T22:38:13.000Z
368,Sesión ordinaria del 21 Septiembre del 2021,,False,266,Ordinaria,1,2021-09-21,2021-09-21T20:35:26.000Z,2021-09-22T19:40:04.000Z,3,2021-10-05T22:40:39.000Z
374,Sesión ordinaria del 23 Septiembre del 2021,,False,272,Ordinaria,1,2021-09-23,2021-09-23T15:05:29.000Z,2021-09-23T16:12:03.000Z,1,2021-10-05T22:45:19.000Z
377,Sesión ordinaria del 27 Septiembre del 2021,,False,275,Ordinaria,1,2021-09-27,2021-09-27T20:37:51.000Z,2021-09-28T20:36:21.000Z,2,2021-10-05T22:46:52.000Z
380,Sesión ordinaria del 28 Septiembre del 2021,,False,278,Ordinaria,1,2021-09-28,2021-09-28T20:36:55.000Z,2021-09-29T19:11:44.000Z,2,2021-10-05T22:48:03.000Z
392,Sesión Ordinaria del 30 de septiembre del 2021,,False,284,Ordinaria,1,2021-09-30,2021-09-30T14:43:30.000Z,2021-09-30T19:41:27.000Z,2,2021-10-06T21:01:06.000Z
395,Sesión Ordenaria del 4 de Octubre del 2021,,False,287,Ordinaria,1,2021-10-04,2021-10-04T20:31:30.000Z,2021-10-05T21:01:21.000Z,3,2021-10-06T21:02:09.000Z
398,Sesión ordinaria del 5 de Octubre del 2021,,False,290,Ordinaria,1,2021-10-05,2021-10-05T21:04:27.000Z,2021-10-06T20:27:58.000Z,2,2021-10-06T21:03:33.000Z
401,Sesión ordinaria del 6 de Octubre,,False,293,Ordinaria,1,2021-10-06,2021-10-06T20:42:28.000Z,2021-10-07T14:30:09.000Z,6,2021-10-11T21:15:20.000Z
482,Sesión Ordinaria del 7 de octubre,,False,296,Ordinaria,1,2021-10-07,2021-10-07T15:08:40.000Z,2021-10-07T16:24:07.000Z,4,2022-02-20T15:36:36.000Z
485,Sesión ordinaria del 11 de Oct. del 2021,,False,299,Ordinaria,1,2021-10-11,2021-10-11T20:36:03.000Z,2021-10-12T20:32:01.000Z,1,2022-02-20T15:44:19.000Z
491,Sesión ordinaria 15 de Oct. del 2021,,False,311,Ordinaria,1,2021-10-15,2021-10-15T17:29:05.000Z,2021-10-18T20:33:15.000Z,1,2022-02-20T16:06:52.000Z
497,Sesión del 18 de Octubre del 2021,,False,314,Ordinaria,1,2021-10-18,2021-10-18T21:11:01.000Z,2021-10-19T19:31:11.000Z,1,2022-02-20T16:17:12.000Z
500,Sesión ordinaria del 19 de octubre del 2021,,False,317,Ordinaria,1,2021-10-19,2021-10-19T20:36:54.000Z,2021-10-20T20:14:49.000Z,3,2022-02-20T16:20:30.000Z
503,Sesión ordinaria del 20 de oct. del 2021,,False,308,Ordinaria,1,2021-10-20,2021-10-20T20:37:13.000Z,2021-10-20T23:33:37.000Z,3,2022-02-20T16:23:54.000Z
506,Sesión ordinaria del 21 de oct. del 2021,,False,320,Ordinaria,1,2021-10-21,2021-10-21T15:18:19.000Z,2021-10-21T18:32:11.000Z,4,2022-02-20T16:28:03.000Z
512,Sesión ordinaria del 26 de oct. del 2021,,False,329,Ordinaria,1,2021-10-26,2021-10-26T16:02:38.000Z,2021-10-26T21:45:35.000Z,7,2022-02-20T16:39:59.000Z
515,Sesión ordinaria del 27 de oct. del 2021,,False,332,Ordinaria,1,2021-10-27,2021-10-27T16:07:48.000Z,2021-10-28T15:03:45.000Z,8,2022-02-20T16:45:37.000Z
518,Sesión ordinaria del 28 de oct. del 2021,,False,335,4,1,2021-10-28,2021-10-28T15:34:41.000Z,2021-10-28T19:43:24.000Z,8,2022-02-20T16:48:57.000Z
521,Sesión ordinaria del 29 de oct. del 2021,,False,338,Ordinaria,1,2021-10-29,2021-10-29T15:42:39.000Z,2021-10-29T18:14:35.000Z,6,2022-02-20T16:52:15.000Z
527,Sesión ordinaria del 4 de ene. del 2022,,False,356,Ordinaria,1,2022-01-04,2022-01-04T20:45:50.000Z,2022-01-05T22:02:29.000Z,1,2022-02-20T16:57:27.000Z
533,Sesión ordinaria del 31 de ene. del 2022,,False,398,Ordinaria,1,2022-01-31,2022-01-31T20:58:38.000Z,2022-02-01T16:46:21.000Z,2,2022-02-20T17:05:12.000Z
536,Sesión ordinaria del 1 de feb. del 2022,,False,401,Ordinaria,1,2022-02-01,2022-02-01T20:50:39.000Z,2022-02-01T23:07:55.000Z,2,2022-02-20T17:09:32.000Z
540,Sesión ordinaria del 2 de feb. del 2022,,False,404,Ordinaria,1,2022-02-02,2022-02-02T21:28:57.000Z,2022-02-02T23:41:59.000Z,3,2022-03-06T23:40:57.000Z
543,Sesión ordinaria del 3 de feb. del 2022,,False,407,Ordinaria,1,2022-02-03,2022-02-03T15:57:48.000Z,2022-02-03T17:37:22.000Z,1,2022-03-06T23:42:54.000Z
546,Sesión ordinaria del 7 de feb. del 2022,,False,410,Ordinaria,1,2022-02-07,2022-02-07T20:49:08.000Z,2022-02-07T22:59:21.000Z,2,2022-03-06T23:44:09.000Z
549,Sesión ordinaria del 8 de feb. del 2022,,False,413,Ordinaria,1,2022-02-08,2022-02-08T20:53:52.000Z,2022-02-08T22:44:21.000Z,2,2022-03-06T23:45:29.000Z
552,Sesión ordinaria del 9 de feb. del 2022,,False,416,Ordinaria,1,2022-02-09,2022-02-09T20:40:32.000Z,2022-02-09T22:40:59.000Z,2,2022-03-06T23:46:54.000Z
555,Sesión ordinaria del 10 de feb. del 2022,,False,419,Ordinaria,1,2022-02-10,2022-02-10T15:26:13.000Z,2022-02-10T16:38:08.000Z,1,2022-03-06T23:48:15.000Z
558,Sesión ordinaria del 14 de feb. del 2022,,False,422,Ordinaria,1,2022-02-14,2022-02-14T20:47:02.000Z,2022-02-15T00:34:19.000Z,2,2022-03-06T23:49:03.000Z
561,Sesión ordinaria del 15 de feb. del 2022,,False,425,Ordinaria,1,2022-02-15,2022-02-15T20:57:25.000Z,2022-02-16T00:03:51.000Z,3,2022-03-06T23:50:29.000Z
564,Sesión ordinaria del 16 de feb. del 2022,,False,428,Ordinaria,1,2022-02-16,2022-02-16T20:42:12.000Z,2022-02-16T22:31:19.000Z,3,2022-03-06T23:52:11.000Z
567,Sesión ordinaria del 17 de feb. del 2022,,False,431,Ordinaria,1,2022-02-17,2022-02-17T15:15:29.000Z,2022-02-17T18:57:07.000Z,3,2022-03-06T23:53:12.000Z
570,Sesión ordinaria del 21 de feb. del 2022,,False,434,Ordinaria,1,2022-02-21,2022-02-21T20:49:43.000Z,2022-02-22T00:05:29.000Z,3,2022-03-06T23:55:27.000Z
573,Sesión ordinaria del 22 de feb. del 2022,,False,438,Ordinaria,1,2022-02-22,2022-02-22T20:39:37.000Z,2022-02-23T01:22:16.000Z,4,2022-03-06T23:58:03.000Z
576,Sesión ordinaria del 23 de feb. del 2022,,False,441,Ordinaria,1,2022-02-23,2022-02-23T20:42:25.000Z,2022-02-23T22:50:26.000Z,2,2022-03-06T23:59:03.000Z
579,Sesión ordinaria del 24 de feb. del 2022,,False,444,Ordinaria,1,2022-02-24,2022-02-24T14:52:54.000Z,2022-03-07T20:15:20.000Z,3,2022-03-07T00:00:02.000Z
594,Sesión ordinaria del 7 de Marzo del 2022,,False,450,Ordinaria,1,2022-03-07,2022-03-07T20:44:37.000Z,2022-03-08T20:37:58.000Z,2,2022-03-22T21:20:55.000Z
597,Sesión ordinaria del 8 de marzo del 2022,,False,453,Ordinaria,1,2022-03-08,2022-03-08T20:39:50.000Z,2022-03-08T23:30:13.000Z,3,2022-03-22T21:24:47.000Z
600,Sesión ordinaria del 9 de marzo del 2022,,False,456,Ordinaria,1,2022-03-09,2022-03-09T20:56:41.000Z,2022-03-10T15:08:22.000Z,3,2022-03-22T21:26:08.000Z
606,Sesión ordinaria del 14 de marzo  del 2022,,False,462,Ordinaria,1,2022-03-14,2022-03-14T20:57:46.000Z,2022-03-14T22:48:43.000Z,1,2022-03-22T21:28:04.000Z
609,Sesión ordinaria del 15 de marzo del 2022,,False,465,Ordinaria,1,2022-03-15,2022-03-15T20:57:15.000Z,2022-03-15T23:55:11.000Z,2,2022-03-22T21:29:03.000Z
612,Sesión ordinaria del 16 de marzo del 2022,,False,468,Ordinaria,1,2022-03-16,2022-03-16T20:50:48.000Z,2022-03-17T03:08:13.000Z,4,2022-03-22T21:31:01.000Z
615,Sesión ordinaria del 17 de marzo del 2022,,False,471,Ordinaria,1,2022-03-17,2022-03-17T15:33:33.000Z,2022-03-17T19:16:11.000Z,3,2022-03-22T21:32:39.000Z
618,Sesión ordinaria del 21 de marzo del 2022,,False,474,Ordinaria,1,2022-03-21,2022-03-21T20:36:27.000Z,2022-03-21T22:45:49.000Z,2,2022-03-22T21:34:00.000Z
621,Sesión Ordinaria del 22 de Marzo del 2022,,False,477,Ordinaria,1,2022-03-22,2022-03-22T20:46:54.000Z,2022-03-22T23:03:09.000Z,4,2022-04-08T22:30:55.000Z
624,Sesión Ordinaria del 23 de Marzo del 2022,,False,480,Ordinaria,1,2022-03-23,2022-03-23T20:48:00.000Z,2022-03-23T23:17:23.000Z,3,2022-04-08T22:33:06.000Z
630,Sesión Ordinaria del 28 de Marzo del 2022,,False,486,Ordinaria,1,2022-03-28,2022-03-28T20:44:56.000Z,2022-03-28T22:15:23.000Z,1,2022-04-08T22:35:04.000Z
633,Sesión Ordinaria del 29 de Marzo del 2022,,False,489,Ordinaria,1,2022-03-29,2022-03-29T20:43:58.000Z,2022-03-29T21:52:33.000Z,2,2022-04-08T22:36:02.000Z
639,Sesión Ordinaria del 31 de Marzo del 2022,,False,498,Ordinaria,1,2022-03-31,2022-03-31T15:32:52.000Z,2022-03-31T16:41:40.000Z,1,2022-04-08T22:37:37.000Z
642,Sesión Ordinaria del 4 de Abril del 2022,,False,501,Ordinaria,1,2022-04-04,2022-04-04T20:46:59.000Z,2022-04-04T23:26:09.000Z,2,2022-04-08T22:38:49.000Z
645,Sesión Ordinaria del 5 de Abril del 2022,,False,504,Ordinaria,1,2022-04-05,2022-04-05T20:54:33.000Z,2022-04-05T23:07:24.000Z,3,2022-04-08T22:40:20.000Z
648,Sesión Ordinaria del 06 de Abril del 2022,,False,507,Ordinaria,1,2022-04-06,2022-04-06T20:59:07.000Z,2022-04-06T23:05:15.000Z,3,2022-04-08T22:41:26.000Z
651,Sesión Ordinaria del 07 de Abril del 2022,,False,510,Ordinaria,1,2022-04-07,2022-04-07T15:32:07.000Z,2022-04-07T16:59:41.000Z,2,2022-04-08T22:42:46.000Z
663,Sesion Ordinaria 12 de abril 2022,,False,516,Ordinaria,1,2022-04-12,2022-04-12T21:06:39.000Z,2022-04-12T23:36:48.000Z,1,2022-05-05T03:29:47.000Z
666,Sesion Ordinaria 13 de abril 2022,,False,519,Ordinaria,1,2022-04-13,2022-04-13T15:13:10.000Z,2022-04-13T18:53:18.000Z,2,2022-05-05T03:32:23.000Z
672,Sesion Ordinaria 19 de abril 2022,,False,525,Ordinaria,1,2022-04-19,2022-04-19T20:40:22.000Z,2022-04-20T00:26:29.000Z,2,2022-05-05T03:37:17.000Z
675,Sesion Ordinaria 20 de abril 2022,,False,528,Ordinaria,1,2022-04-20,2022-04-20T15:14:39.000Z,2022-04-20T19:34:56.000Z,3,2022-05-05T03:40:52.000Z
678,Sesion Ordinaria 21 de abril 2022,,False,531,4,1,2022-04-21,2022-04-21T15:34:02.000Z,2022-04-21T17:41:57.000Z,1,2022-05-05T03:42:32.000Z
681,Sesion Ordinaria 25 de abril 2022,,False,534,4,1,2022-04-25,2022-04-25T20:59:38.000Z,2022-04-26T00:59:39.000Z,2,2022-05-05T03:43:45.000Z
684,Sesion Ordinaria 26 de abril 2022,,False,537,4,1,2022-04-26,2022-04-26T20:37:06.000Z,2022-04-27T00:49:22.000Z,13,2022-05-05T03:47:41.000Z
687,Sesion Ordinaria 27 de abril 2022,,False,540,4,1,2022-04-27,2022-04-27T20:29:34.000Z,2022-04-28T01:13:38.000Z,15,2022-05-05T03:52:52.000Z
690,Sesion Ordinaria 28 de abril 2022,,False,543,Ordinaria,1,2022-04-28,2022-04-28T15:15:21.000Z,2022-04-28T18:32:34.000Z,7,2022-05-05T03:57:43.000Z
707,Sesión Ordinario del 6 julio 2022,,False,572,Ordinaria,1,2022-07-06,2022-07-06T18:38:42.000Z,2022-07-06T20:36:44.000Z,2,2022-08-16T21:05:08.000Z
710,Sesión Ordinario del 7 julio 2022,,False,575,Ordinaria,1,2022-07-07,2022-07-07T15:14:19.000Z,2022-07-11T20:36:47.000Z,1,2022-08-16T21:06:57.000Z
713,Sesión Ordinario del 11 julio 2022,,False,578,Ordinaria,1,2022-07-11,2022-07-11T20:59:39.000Z,2022-07-11T22:54:10.000Z,1,2022-08-16T21:34:05.000Z
716,Sesión Ordinario del 12 julio 2022,,False,581,Ordinaria,1,2022-07-12,2022-07-12T20:45:17.000Z,2022-07-12T22:09:14.000Z,1,2022-08-16T21:35:00.000Z
728,Sesión Ordinario del 19 julio 2022,,False,593,Ordinaria,1,2022-07-19,2022-07-19T20:34:45.000Z,2022-07-19T22:03:21.000Z,1,2022-08-16T21:39:18.000Z
731,Sesión Ordinario del 20 julio 2022,,False,596,Ordinaria,1,2022-07-20,2022-07-20T20:43:57.000Z,2022-07-20T21:35:44.000Z,1,2022-08-16T21:39:58.000Z
734,Sesión Ordinario del 21 julio 2022,,False,599,Ordinaria,1,2022-07-21,2022-07-21T15:00:52.000Z,2022-07-21T17:58:52.000Z,2,2022-08-16T21:41:27.000Z
740,Sesión Ordinario del 25 julio 2022,,False,602,Ordinaria,1,2022-07-25,2022-07-25T20:40:56.000Z,2022-07-25T23:18:55.000Z,2,2022-08-16T21:43:12.000Z
743,Sesión Ordinario del 26 julio 2022,,False,605,Ordinaria,1,2022-07-26,2022-07-26T20:38:01.000Z,2022-07-26T22:40:14.000Z,2,2022-08-16T21:44:03.000Z
746,Sesión Ordinario del 27 julio 2022,,False,608,Ordinaria,1,2022-07-27,2022-07-27T20:37:46.000Z,2022-07-27T22:22:02.000Z,1,2022-08-16T21:44:45.000Z
749,Sesión Ordinario del 28 julio 2022,,False,611,Ordinaria,1,2022-07-28,2022-07-28T17:40:46.000Z,2022-07-28T19:01:15.000Z,1,2022-08-16T21:45:46.000Z
752,Sesión Ordinario del 1 Agosto 2022,,False,614,Ordinaria,1,2022-08-01,2022-08-01T20:54:02.000Z,2022-08-01T23:11:48.000Z,2,2022-08-16T21:47:06.000Z
755,Sesión Ordinario del 2 Agosto 2022,,False,617,Ordinaria,1,2022-08-02,2022-08-02T20:48:11.000Z,2022-08-03T20:17:35.000Z,1,2022-08-16T21:47:50.000Z
758,Sesión Ordinario del 3 Agosto 2022,,False,620,Ordinaria,1,2022-08-03,2022-08-03T20:53:29.000Z,2022-08-04T14:32:27.000Z,2,2022-08-16T21:49:17.000Z
761,Sesión Ordinario del 4 Agosto2022,,False,623,Ordinaria,1,2022-08-04,2022-08-04T14:41:44.000Z,2022-08-04T16:39:37.000Z,1,2022-08-16T21:50:12.000Z
764,Sesión Ordinario del 8 julio 2022,,False,626,Ordinaria,1,2022-08-08,2022-08-08T21:00:52.000Z,2022-08-09T18:20:04.000Z,2,2022-08-16T21:52:14.000Z
767,Sesión Ordinario del 9 Agosto 2022,,False,629,Ordinaria,1,2022-08-09,2022-08-09T21:23:28.000Z,2022-08-10T17:21:32.000Z,3,2022-08-16T21:53:34.000Z
770,Sesión Ordinario del 10 Agosto2022,,False,632,Ordinaria,1,2022-08-10,2022-08-10T20:55:40.000Z,2022-08-10T23:28:04.000Z,4,2022-08-16T21:55:59.000Z
773,Sesión Ordinario del 10 Agosto 2022,,False,632,Ordinaria,1,2022-08-10,2022-08-10T20:55:40.000Z,2022-08-10T23:28:04.000Z,4,2022-08-16T21:59:30.000Z
776,Sesión Ordinario del 11 Agosto 2022,,False,635,Ordinaria,1,2022-08-11,2022-08-11T15:06:01.000Z,2022-08-11T16:27:51.000Z,3,2022-08-16T22:01:15.000Z
830,Sesion Ordinaria del 17 agosto del 2022,,False,644,Ordinaria,1,2022-08-17,2022-08-17T20:53:06.000Z,2022-08-17T22:22:26.000Z,1,2022-10-05T21:44:40.000Z
836,Sesion Ordinaria del 22 agosto del 2022,,False,650,Ordinaria,1,2022-08-22,2022-08-22T20:42:38.000Z,2022-08-22T23:25:51.000Z,1,2022-10-05T21:46:48.000Z
839,Sesion Ordinaria del 23 agosto del 2022,,False,653,Ordinaria,1,2022-08-23,2022-08-23T20:47:15.000Z,2022-08-23T23:47:36.000Z,1,2022-10-05T21:48:04.000Z
842,Sesion Ordinaria del 24 agosto del 2022,,False,656,Ordinaria,1,2022-08-24,2022-08-24T20:43:09.000Z,2022-08-24T22:05:29.000Z,2,2022-10-05T21:53:42.000Z
845,Sesion Ordinaria del 25 agosto del 2022,,False,659,Ordinaria,1,2022-08-25,2022-08-25T15:57:36.000Z,2022-08-25T17:33:38.000Z,2,2022-10-05T21:55:27.000Z
848,Sesion Ordinaria del 29 agosto del 2022,,False,662,Ordinaria,1,2022-08-29,2022-08-29T20:45:13.000Z,2022-08-30T00:14:45.000Z,4,2022-10-05T21:57:12.000Z
851,Sesion Ordinaria del 30 de agosto del 2022,,False,665,Ordinaria,1,2022-08-30,2022-08-30T21:01:19.000Z,2022-08-30T23:57:35.000Z,3,2022-10-05T21:58:36.000Z
854,Sesion Ordinaria del 31  agosto del 2022,,False,668,Ordinaria,1,2022-08-31,2022-08-31T20:38:17.000Z,2022-08-31T23:19:48.000Z,2,2022-10-05T22:00:26.000Z
857,Sesion Ordinaria del 1 septiembre del 2022,,False,671,Ordinaria,1,2022-09-01,2022-09-01T14:46:26.000Z,2022-09-01T19:37:46.000Z,1,2022-10-05T22:02:09.000Z
863,Sesion Ordinaria del 5 septiembre del 2022,,False,674,Ordinaria,1,2022-09-05,2022-09-05T20:55:14.000Z,2022-09-05T23:49:30.000Z,1,2022-10-05T22:06:37.000Z
866,Sesion Ordinaria del 6 septiembre del 2022,,False,680,Ordinaria,1,2022-09-06,2022-09-06T21:10:50.000Z,2022-09-06T22:29:43.000Z,2,2022-10-05T22:07:45.000Z
869,Sesion Ordinaria del 7 septiembre del 2022,,False,683,Ordinaria,1,2022-09-07,2022-09-07T22:09:28.000Z,2022-09-07T23:18:19.000Z,2,2022-10-05T22:12:58.000Z
872,Sesion Ordinaria del 8 septiembre del 2022,,False,686,Ordinaria,1,2022-09-08,2022-09-08T14:59:10.000Z,2022-09-08T16:58:16.000Z,1,2022-10-05T22:14:36.000Z
875,Sesion Ordinaria del 12 septiembre del 2022,,False,689,Ordinaria,1,2022-09-12,2022-09-12T20:58:38.000Z,2022-09-12T23:27:16.000Z,1,2022-10-05T22:16:46.000Z
878,Sesion Ordinaria del 13 septiembre del 2022,,False,695,Ordinaria,1,2022-09-13,2022-09-13T20:43:49.000Z,2022-09-13T22:57:36.000Z,3,2022-10-05T22:18:58.000Z
881,Sesion Ordinaria del 14 septiembre del 2022,,False,698,Ordinaria,1,2022-09-14,2022-09-14T20:53:52.000Z,2022-09-14T22:56:59.000Z,2,2022-10-05T22:20:49.000Z
884,Sesion Ordinaria del 19 septiembre del 2022,,False,704,Ordinaria,1,2022-09-19,2022-09-19T20:44:47.000Z,2022-09-19T23:02:50.000Z,1,2022-10-05T22:22:56.000Z
887,Sesion Ordinaria del 20  septiembre del 2022,,False,710,Ordinaria,1,2022-09-20,2022-09-20T20:38:22.000Z,2022-09-20T22:43:41.000Z,2,2022-10-05T22:24:26.000Z
893,Sesion Ordinaria del 21 septiembre del 2022,,False,713,Ordinaria,1,2022-09-21,2022-09-21T21:11:38.000Z,2022-09-22T00:05:20.000Z,3,2022-10-05T22:27:19.000Z
896,Sesion Ordinaria del 22 septiembre del 2022,,False,716,Ordinaria,1,2022-09-22,2022-09-22T15:07:23.000Z,2022-09-22T20:22:59.000Z,3,2022-10-05T22:28:33.000Z
899,Sesion Ordinaria del 26 septiembre del 2022,,False,719,Ordinaria,1,2022-09-26,2022-09-26T20:46:41.000Z,2022-09-27T01:03:24.000Z,3,2022-10-05T22:31:20.000Z
902,Sesion Ordinaria del 27 septiembre del 2022,,False,722,Ordinaria,1,2022-09-27,2022-09-27T21:03:10.000Z,2022-09-28T20:35:03.000Z,1,2022-10-05T22:32:18.000Z
905,Sesion Ordinaria del 28 septiembre del 2022,,False,725,Ordinaria,1,2022-09-28,2022-09-28T20:35:43.000Z,2022-09-28T21:54:33.000Z,2,2022-10-05T22:33:41.000Z
908,Sesion Ordinaria del 29 septiembre del 2022,,False,728,Ordinaria,1,2022-09-29,2022-09-29T15:25:34.000Z,2022-09-29T17:15:56.000Z,2,2022-10-05T22:34:29.000Z
920,Sesión ordinaria del 3 de Octubre del 2022,,False,731,Ordinaria,1,2022-10-03,2022-10-03T20:46:57.000Z,2022-10-04T22:50:37.000Z,2,2023-01-26T16:00:46.000Z
923,Sesión ordinaria del 4 de Octubre del 2022,,False,734,Ordinaria,1,2022-10-04,2022-10-04T22:54:06.000Z,2022-10-05T01:41:31.000Z,2,2023-01-26T16:03:30.000Z
926,Sesión ordinaria del 5 de octubre del 2022,,False,737,Ordinaria,1,2022-10-05,2022-10-05T20:44:33.000Z,2022-10-06T02:36:53.000Z,3,2023-01-26T16:05:41.000Z
929,Sesión ordinaria del 6 de octubre del 2022,,False,740,Ordinaria,1,2022-10-06,2022-10-06T15:45:18.000Z,2022-10-06T17:50:25.000Z,2,2023-01-26T16:10:25.000Z
932,Sesión ordinaria del 10 de octubre del 2022,,False,743,Ordinaria,1,2022-10-10,2022-10-10T21:05:00.000Z,2022-10-10T23:04:58.000Z,2,2023-01-26T16:12:33.000Z
935,Sesión ordinaria del 11 de octubre del 2022,,False,746,Ordinaria,1,2022-10-11,2022-10-11T21:05:33.000Z,2022-10-11T22:28:19.000Z,2,2023-01-26T16:13:26.000Z
938,Sesión ordinaria del 12 de octubre del 2022,,False,749,Ordinaria,1,2022-10-12,2022-10-12T20:52:02.000Z,2022-10-12T23:17:37.000Z,3,2023-01-26T16:15:19.000Z
941,Sesión ordinaria del 13 de octubre del 2022,,False,752,Ordinaria,1,2022-10-13,2022-10-13T15:24:52.000Z,2022-10-14T19:10:02.000Z,3,2023-01-27T20:02:53.000Z
944,Sesión ordinaria del 17 de octubre del 2022,,False,755,Ordinaria,1,2022-10-17,2022-10-17T21:05:50.000Z,2022-10-17T22:35:44.000Z,2,2023-01-27T20:03:55.000Z
947,Sesión ordinaria del 18 de octubre del 2022,,False,758,Ordinaria,1,2022-10-18,2022-10-18T21:10:58.000Z,2022-10-18T23:27:19.000Z,3,2023-01-27T20:05:39.000Z
950,Sesión ordinaria del 19 de octubre del 2022,,False,761,Ordinaria,1,2022-10-19,2022-10-19T20:51:13.000Z,2022-10-20T00:10:55.000Z,6,2023-01-27T20:08:29.000Z
953,Sesión ordinaria del 20 de octubre del 2022,,False,764,Ordinaria,1,2022-10-20,2022-10-20T15:30:52.000Z,2022-10-20T17:56:43.000Z,7,2023-01-27T20:10:37.000Z
956,Sesión ordinaria del 24 de octubre del 2022,,False,767,Ordinaria,1,2022-10-24,2022-10-24T21:01:12.000Z,2022-10-24T23:57:05.000Z,4,2023-01-27T20:11:50.000Z
959,Sesión ordinaria del 25de octubre del 2022,,False,770,Ordinaria,1,2022-10-25,2022-10-25T21:08:53.000Z,2022-10-27T00:01:42.000Z,6,2023-01-27T20:16:20.000Z
962,Sesión ordinaria del 26 de octubre del 2022,,False,773,Ordinaria,1,2022-10-26,2022-10-27T00:03:15.000Z,2022-10-27T02:41:50.000Z,11,2023-01-27T20:19:09.000Z
965,Sesión ordinaria del 27 de octubre del 2022,,False,776,Ordinaria,1,2022-10-27,2022-10-27T20:00:49.000Z,2022-10-28T03:07:32.000Z,9,2023-01-27T20:22:08.000Z
968,Sesión ordinaria del 28 de octubre del 2022,,False,779,Ordinaria,1,2022-10-28,2022-10-28T17:28:37.000Z,2022-10-28T21:11:53.000Z,4,2023-01-27T20:23:42.000Z
971,Sesión ordinaria del 4 de enero del 2023,,False,785,Ordinaria,1,2023-01-04,2023-01-04T21:05:10.000Z,2023-01-04T23:07:05.000Z,2,2023-01-27T20:26:20.000Z
974,Sesión ordinaria del 5 de enero del 2023,,False,794,Ordinaria,1,2023-01-05,2023-01-05T15:39:34.000Z,2023-01-05T17:28:28.000Z,2,2023-01-27T20:28:06.000Z
977,Sesión ordinaria del 10 de enero del 2023,,False,797,Ordinaria,1,2023-01-10,2023-01-10T20:47:03.000Z,2023-01-10T23:08:32.000Z,2,2023-01-27T20:29:08.000Z
980,Sesión ordinaria del 11 de enero del 2023,,False,800,Ordinaria,1,2023-01-11,2023-01-11T21:07:35.000Z,2023-01-11T23:39:36.000Z,2,2023-01-27T20:30:02.000Z
983,Sesión ordinaria del 12 de enero del 2023,,False,803,Ordinaria,1,2023-01-12,2023-01-12T15:50:50.000Z,2023-01-16T16:59:20.000Z,2,2023-01-27T20:31:00.000Z
986,Sesión ordinaria del 16 de enero del 2023,,False,806,Ordinaria,1,2023-01-16,2023-01-16T20:54:01.000Z,2023-01-16T23:14:49.000Z,2,2023-01-27T20:31:54.000Z
989,Sesión ordinaria del 17 de enero del 2023,,False,809,Ordinaria,1,2023-01-17,2023-01-17T20:47:36.000Z,2023-01-17T22:39:59.000Z,3,2023-01-27T20:33:45.000Z
1019,Sesión ordinaria del 18 de enero del 2023,,False,812,Ordinaria,1,2023-01-18,2023-01-18T20:59:38.000Z,2023-01-19T13:28:51.000Z,2,2023-02-08T22:12:05.000Z
1025,Sesión ordinaria del 23 de enero del 2023,,False,818,Ordinaria,1,2023-01-23,2023-01-23T21:16:05.000Z,2023-01-23T23:37:31.000Z,1,2023-02-08T22:13:58.000Z
1031,Sesión ordinaria del 25 de enero del 2023,,False,824,Ordinaria,1,2023-01-25,2023-01-25T22:28:22.000Z,2023-01-25T23:15:24.000Z,1,2023-02-08T22:15:35.000Z
1040,Sesión ordinaria del 31 de enero del 2023,,False,833,Ordinaria,1,2023-01-31,2023-01-31T20:49:43.000Z,2023-01-31T22:53:23.000Z,2,2023-02-08T22:18:04.000Z
1043,Sesión ordinaria del 1 de febrero del 2023,,False,836,Ordinaria,1,2023-02-01,2023-02-01T21:21:30.000Z,2023-02-01T22:33:00.000Z,2,2023-02-08T22:19:20.000Z
1049,Sesión ordinaria del 6 de febrero del 2023,,False,842,Ordinaria,1,2023-02-06,2023-02-06T21:12:25.000Z,2023-02-07T17:24:11.000Z,1,2023-02-08T22:21:54.000Z
1100,Sesion ordinaria del 8  de febrero del 2023,,False,848,Ordinaria,1,2023-02-08,2023-02-08T20:47:46.000Z,2023-02-08T23:47:50.000Z,1,2023-03-08T21:44:11.000Z
1103,Sesion ordinaria del 9  de febrero del 2023,,False,851,Ordinaria,1,2023-02-09,2023-02-09T15:19:58.000Z,2023-02-09T19:47:04.000Z,1,2023-03-08T21:46:48.000Z
1151,Sesión Ordonaria del 6 de marzo 2023,,False,881,Ordinaria,1,2023-03-06,2023-03-06T21:29:29.000Z,2023-03-06T23:40:51.000Z,1,2023-04-28T05:01:26.000Z
1157,Sesión Ordonaria del 7 de marzo 2023,,False,884,Ordinaria,1,2023-03-07,2023-03-07T21:05:09.000Z,2023-03-07T22:00:55.000Z,1,2023-04-28T05:06:16.000Z
1160,Sesión Ordonaria del 8 de marzo 2023,,False,887,Ordinaria,1,2023-03-08,2023-03-08T21:12:36.000Z,2023-03-08T23:25:28.000Z,2,2023-04-28T05:07:55.000Z
1163,Sesión Ordonaria del 9 de marzo 2023,,False,890,Ordinaria,1,2023-03-09,2023-03-09T15:35:11.000Z,2023-03-09T17:48:50.000Z,1,2023-04-28T06:11:44.000Z
1169,Sesión Ordonaria del 14 de marzo 2023,,False,896,Ordinaria,1,2023-03-14,2023-03-14T21:07:37.000Z,2023-03-14T23:44:19.000Z,3,2023-04-28T06:13:48.000Z
1178,Sesión Ordonaria del 20 de marzo 2023,,False,905,Ordinaria,1,2023-03-20,2023-03-20T20:50:33.000Z,2023-03-20T23:06:17.000Z,2,2023-04-28T06:18:47.000Z
1181,Sesión Ordonaria del 21 de marzo 2023,,False,908,Ordinaria,1,2023-03-21,2023-03-21T21:04:49.000Z,2023-03-21T22:35:23.000Z,2,2023-04-28T06:20:46.000Z
1184,Sesión Ordonaria del 22 de marzo 2023,,False,911,Ordinaria,1,2023-03-22,2023-03-22T20:51:18.000Z,2023-03-22T22:18:57.000Z,2,2023-04-28T06:21:46.000Z
1190,Sesión Ordonaria del 27 de marzo 2023,,False,917,Ordinaria,1,2023-03-27,2023-03-27T20:57:50.000Z,2023-03-27T23:14:43.000Z,3,2023-04-28T06:25:20.000Z
1193,Sesión Ordonaria del 29 de marzo 2023,,False,923,Ordinaria,1,2023-03-29,2023-03-29T21:29:51.000Z,2023-03-29T23:11:53.000Z,1,2023-04-28T06:26:19.000Z
1223,Sesión ordenaria del 4 de Abril,,False,932,Ordinaria,1,2023-04-04,2023-04-04T20:59:06.000Z,2023-04-04T23:29:09.000Z,3,2023-05-02T00:19:03.000Z
1226,Sesión ordenaria del 5 de Abril,,False,935,Ordinaria,1,2023-04-05,2023-04-05T15:45:34.000Z,2023-04-05T17:09:08.000Z,1,2023-05-02T00:20:44.000Z
1229,Sesión ordenaria del 10 de Abril,,False,938,Ordinaria,1,2023-04-10,2023-04-10T20:46:00.000Z,2023-04-10T22:43:11.000Z,2,2023-05-02T00:22:06.000Z
1235,Sesión ordenaria del 12 de Abril,,False,944,Ordinaria,1,2023-04-12,2023-04-12T20:54:48.000Z,2023-04-12T23:01:47.000Z,1,2023-05-02T00:24:03.000Z
1241,Sesión ordenaria del 17 de Abril,,False,950,Ordinaria,1,2023-04-17,2023-04-17T21:46:21.000Z,2023-04-17T23:31:22.000Z,4,2023-05-02T00:25:42.000Z
1244,Sesión ordenaria del 18 de Abril,,False,953,Ordinaria,1,2023-04-18,2023-04-18T21:41:41.000Z,2023-04-18T22:48:24.000Z,4,2023-05-02T00:27:33.000Z
1253,Sesión ordenaria del 24 de Abril,,False,962,Ordinaria,1,2023-04-24,2023-04-24T21:15:37.000Z,2023-04-24T23:37:34.000Z,4,2023-05-02T00:31:05.000Z
1256,Sesión ordenaria del 25 de Abril,,False,965,Ordinaria,1,2023-04-25,2023-04-25T20:51:56.000Z,2023-04-25T23:17:07.000Z,4,2023-05-02T00:32:46.000Z
1259,Sesión ordenaria del 26 de Abril,,False,968,4,1,2023-04-26,2023-04-26T20:59:47.000Z,2023-04-27T23:30:38.000Z,4,2023-05-02T00:34:13.000Z
1385,Sesión del 4 de julio 2023,,False,989,Ordinaria,1,2023-07-04,2023-07-04T20:39:10.000Z,2023-07-04T22:10:40.000Z,1,2023-10-18T01:43:22.000Z
1391,Sesión del 5 de julio 2023,,False,992,Ordinaria,1,2023-07-05,2023-07-05T20:48:05.000Z,2023-07-05T22:05:21.000Z,1,2023-10-18T01:47:28.000Z
1394,Sesión del 6 de julio 2023,,False,995,Ordinaria,1,2023-07-06,2023-07-06T14:29:52.000Z,2023-07-06T18:52:16.000Z,1,2023-10-18T01:49:15.000Z
1397,Sesión del 18 de julio 2023,,False,1013,Ordinaria,1,2023-07-18,2023-07-18T20:32:58.000Z,2023-07-18T22:04:10.000Z,1,2023-10-18T01:51:41.000Z
1400,Sesión del 20 de julio 2023,,False,1019,Ordinaria,1,2023-07-20,2023-07-20T15:16:14.000Z,2023-07-20T16:56:37.000Z,1,2023-10-18T01:54:53.000Z
1403,Sesión del 24 de julio 2023,,False,1022,Ordinaria,1,2023-07-24,2023-07-24T20:41:57.000Z,2023-07-25T16:53:47.000Z,2,2023-10-18T01:55:55.000Z
1406,Sesión del 25 de julio 2023,,False,1025,Ordinaria,1,2023-07-25,2023-07-25T20:58:24.000Z,2023-07-25T22:21:05.000Z,2,2023-10-18T01:57:23.000Z
1412,Sesión del 1 de agosto 2023,,False,1040,Ordinaria,1,2023-08-01,2023-08-01T20:57:12.000Z,2023-08-01T23:23:25.000Z,1,2023-10-18T02:03:53.000Z
1415,Sesión del 2 de agosto 2023,,False,1043,Ordinaria,1,2023-08-02,2023-08-02T21:01:43.000Z,2023-08-02T23:35:35.000Z,1,2023-10-18T02:06:54.000Z
1418,Sesión del 7 de agosto 2023,,False,1046,Ordinaria,1,2023-08-07,2023-08-07T21:10:52.000Z,2023-08-07T23:27:32.000Z,2,2023-10-18T02:08:30.000Z
1421,Sesión del 8 de Agosto 2023,,False,1055,Ordinaria,1,2023-08-08,2023-08-08T21:04:04.000Z,2023-08-08T23:15:20.000Z,2,2023-10-18T02:09:38.000Z
1424,Sesión del 9 de agosto 2023,,False,1058,Ordinaria,1,2023-08-09,2023-08-09T20:55:47.000Z,2023-08-09T23:57:55.000Z,1,2023-10-18T02:10:51.000Z
1427,Sesión del 10 de agosto 2023,,False,1061,Ordinaria,1,2023-08-10,2023-08-10T14:56:35.000Z,2023-08-10T16:59:08.000Z,1,2023-10-18T02:11:35.000Z
1430,Sesión del 14 de agosto 2023,,False,1064,Ordinaria,1,2023-08-14,2023-08-14T20:33:51.000Z,2023-08-14T22:08:41.000Z,1,2023-10-18T02:12:40.000Z
1433,Sesión del 16 de agosto 2023,,False,1067,Ordinaria,1,2023-08-16,2023-08-16T20:56:12.000Z,2023-08-16T23:27:48.000Z,1,2023-10-18T02:13:42.000Z
1439,Sesión del 18 de agosto 2023,,False,1073,Ordinaria,1,2023-08-21,2023-08-21T20:58:23.000Z,2023-08-22T00:05:36.000Z,4,2023-10-18T02:16:55.000Z
1442,Sesión del 22 de agosto 2023,,False,1076,Ordinaria,1,2023-08-22,2023-08-22T21:12:29.000Z,2023-08-22T23:00:35.000Z,4,2023-10-18T02:30:06.000Z
1445,Sesión del 23 de agosto 2023,,False,1079,Ordinaria,1,2023-08-23,2023-08-23T21:08:51.000Z,2023-08-24T13:55:24.000Z,3,2023-10-18T02:36:02.000Z
1448,Sesión del 24 de agosto 2023,,False,1082,Ordinaria,1,2023-08-24,2023-08-24T14:58:47.000Z,2023-08-24T17:33:36.000Z,3,2023-10-18T02:37:23.000Z
1451,Sesión del 29 de agosto 2023,,False,1088,Ordinaria,1,2023-08-29,2023-08-29T20:36:29.000Z,2023-08-29T22:19:00.000Z,3,2023-10-18T02:38:54.000Z
1454,Sesión del 30 de agosto 2023,,False,1091,Ordinaria,1,2023-08-30,2023-08-30T21:19:13.000Z,2023-08-31T14:12:09.000Z,3,2023-10-18T02:40:36.000Z
1457,Sesión del 31 de agosto 2023,,False,1094,Ordinaria,1,2023-08-31,2023-08-31T14:48:09.000Z,2023-09-01T14:00:15.000Z,1,2023-10-18T02:43:39.000Z
1460,Sesión del 4 de Septiembre 2023,,False,1097,Ordinaria,1,2023-09-04,2023-09-04T21:12:13.000Z,2023-09-04T23:02:56.000Z,2,2023-10-18T02:46:16.000Z
1463,Sesión del 6 de septiembre  2023,,False,1103,Ordinaria,1,2023-09-06,2023-09-06T21:19:12.000Z,2023-09-06T22:56:45.000Z,2,2023-10-18T02:48:57.000Z
1469,Sesión del 11 de septiembre 2023,,False,1115,Ordinaria,1,2023-09-11,2023-09-11T20:59:30.000Z,2023-09-11T22:19:43.000Z,2,2023-10-18T02:51:09.000Z
1472,Sesión del 12 de septiembre 2023,,False,1118,Ordinaria,1,2023-09-12,2023-09-12T21:11:49.000Z,2023-09-12T23:04:01.000Z,2,2023-10-18T02:52:45.000Z
1475,Sesión del 13 de septiembre 2023,,False,1121,Ordinaria,1,2023-09-13,2023-09-13T20:46:44.000Z,2023-09-13T22:34:31.000Z,1,2023-10-18T02:54:33.000Z
1481,Sesión del 18 de septiembre 2023,,False,1127,Ordinaria,1,2023-09-18,2023-09-18T20:52:52.000Z,2023-09-18T22:54:18.000Z,1,2023-10-18T02:56:16.000Z
1484,Sesión del 19 de septiembre 2023,,False,1133,Ordinaria,1,2023-09-19,2023-09-19T20:48:19.000Z,2023-09-19T23:17:50.000Z,2,2023-10-18T03:06:49.000Z
1487,Sesión del 20 de septiembre 2023,,False,1136,Ordinaria,1,2023-09-20,2023-09-20T20:53:42.000Z,2023-09-21T01:09:58.000Z,2,2023-10-18T03:08:27.000Z
1490,Sesión del 21 de septiembre 2023,,False,1139,Ordinaria,1,2023-09-21,2023-09-21T14:52:59.000Z,2023-09-21T17:14:19.000Z,1,2023-10-18T03:09:02.000Z
1493,Sesión del 25 de septiembre 2023,,False,1142,Ordinaria,1,2023-09-25,2023-09-25T20:58:27.000Z,2023-09-25T23:54:19.000Z,4,2023-10-18T03:11:22.000Z
1496,Sesión del 26 de septiembre 2023,,False,1151,Ordinaria,1,2023-09-26,2023-09-26T22:02:05.000Z,2023-09-27T00:21:04.000Z,4,2023-10-18T03:12:58.000Z
1499,Sesión del 27 de septiembre 2023,,False,1154,Ordinaria,1,2023-09-27,2023-09-27T20:53:20.000Z,2023-09-27T22:28:37.000Z,1,2023-10-18T03:13:48.000Z
1502,Sesión del 28 de septiembre 2023,,False,1157,Ordinaria,1,2023-09-28,2023-09-28T15:29:04.000Z,2023-09-28T17:35:07.000Z,1,2023-10-18T03:14:41.000Z
1505,Sesión del 2 de octubre 2023,,False,1160,Ordinaria,1,2023-10-02,2023-10-02T21:08:39.000Z,2023-10-02T22:56:16.000Z,3,2023-10-18T03:16:05.000Z
1508,Sesión del 3 de octubre 2023,,False,1163,Ordinaria,1,2023-10-03,2023-10-03T21:05:20.000Z,2023-10-03T23:13:29.000Z,4,2023-10-18T03:17:11.000Z
1511,Sesión del 4 de octubre 2023,,False,1166,Ordinaria,1,2023-10-04,2023-10-04T21:04:07.000Z,2023-10-04T22:32:41.000Z,2,2023-10-18T03:17:54.000Z
1514,Sesión del 5 de octubre 2023,,False,1169,Ordinaria,1,2023-10-05,2023-10-05T15:47:15.000Z,2023-10-05T16:48:30.000Z,1,2023-10-18T03:18:31.000Z
1517,Sesión del 9 de octubre 2023,,False,1172,Ordinaria,1,2023-10-09,2023-10-09T21:15:41.000Z,2023-10-10T00:05:34.000Z,2,2023-10-18T03:19:43.000Z
1520,Sesión del 10 de octubre 2023,,False,1175,Ordinaria,1,2023-10-10,2023-10-10T21:02:38.000Z,2023-10-10T23:27:50.000Z,2,2023-10-18T03:20:20.000Z
1523,Sesión del 11 de octubre 2023,,False,1178,Ordinaria,1,2023-10-11,2023-10-11T20:40:41.000Z,2023-10-11T23:23:50.000Z,3,2023-10-18T03:21:10.000Z
1529,Sesión del 16 de octubre 2023,,False,1184,Ordinaria,1,2023-10-16,2023-10-16T20:47:16.000Z,2023-10-16T22:58:22.000Z,5,2023-10-18T03:22:45.000Z
1532,Sesión del 17 de octubre 2023,,False,1187,Ordinaria,1,2023-10-17,2023-10-17T21:14:50.000Z,2023-10-17T23:41:18.000Z,5,2023-10-18T03:23:39.000Z
1538,Sesión del 19 de octubre 2023,,False,1193,Ordinaria,1,2023-10-19,2023-10-19T15:22:08.000Z,2023-10-20T01:27:30.000Z,4,2023-10-20T17:09:27.000Z
1541,Sesión del 20 de octubre 2023,,False,1196,Ordinaria,1,2023-10-20,2023-10-20T15:29:54.000Z,2023-10-20T16:52:01.000Z,1,2023-10-20T17:10:22.000Z
1670,Sesión del 26-Octubre-2023,,False,1208,Ordinaria,1,2023-10-26,2023-10-26T15:09:45.000Z,2023-10-26T16:04:04.000Z,1,2024-01-22T21:57:26.000Z
1686,Sesión ordinaria 01 nov. 2023,,False,1217,Extraordinaria,1,2023-11-01,2023-11-01T17:23:14.000Z,2023-11-02T12:36:35.000Z,1,2024-01-29T19:31:10.000Z
1689,Sesión ordinaria 02 nov. 2023,,False,1220,Extraordinaria,1,2023-11-02,2023-11-02T15:33:05.000Z,2023-11-02T21:45:24.000Z,1,2024-01-29T19:32:38.000Z
1692,Sesión ordinaria 03 nov. 2023,,False,1226,Extraordinaria,1,2023-11-03,2023-11-03T14:46:58.000Z,2023-11-09T17:08:47.000Z,1,2024-01-29T19:34:42.000Z
1695,Sesión ordinaria 28 dic. 2023,,False,1235,Extraordinaria,1,2023-12-28,2023-12-28T15:42:11.000Z,2023-12-29T02:47:11.000Z,2,2024-01-29T19:37:00.000Z
1698,Sesión ordinaria 29 dic. 2023,,False,1238,Extraordinaria,1,2023-12-29,2023-12-29T14:46:23.000Z,2023-12-30T15:48:20.000Z,1,2024-01-29T19:38:05.000Z
1710,Sesión ordinaria 10 ene. 2024,,False,1247,Ordinaria,1,2024-01-10,2024-01-10T21:12:38.000Z,2024-01-10T23:05:46.000Z,4,2024-01-29T19:52:35.000Z
1713,Sesión ordinaria 11 ene. 2024,,False,1250,Ordinaria,1,2024-01-11,2024-01-11T15:43:32.000Z,2024-01-11T17:11:38.000Z,1,2024-01-29T19:53:25.000Z
1719,Sesión ordinaria 16  ene. 2024,,False,1256,Ordinaria,1,2024-01-16,2024-01-16T20:58:50.000Z,2024-01-17T00:12:04.000Z,1,2024-01-29T19:55:52.000Z
1722,Sesión ordinaria 17 ene. 2024,,False,1259,Ordinaria,1,2024-01-17,2024-01-17T21:08:53.000Z,2024-01-17T23:04:38.000Z,1,2024-01-29T20:04:58.000Z
1725,Sesión ordinaria 18 ene. 2024,,False,1262,Ordinaria,1,2024-01-18,2024-01-18T14:55:55.000Z,2024-01-18T17:23:43.000Z,2,2024-01-29T20:05:34.000Z
1728,Sesión ordinaria 22 ene. 2024,,False,1265,Ordinaria,1,2024-01-22,2024-01-22T20:54:52.000Z,2024-01-22T23:44:55.000Z,3,2024-01-29T20:06:29.000Z
1731,Sesión ordinaria 23 ene. 2024,,False,1268,Ordinaria,1,2024-01-23,2024-01-23T21:07:25.000Z,2024-01-23T23:33:43.000Z,3,2024-01-29T20:07:13.000Z
1809,Sesión ordinaria del 29 de enero 2024,,False,1277,Ordinaria,1,2024-01-29,2024-01-29T20:41:11.000Z,2024-01-29T23:05:51.000Z,3,2024-04-04T16:42:19.000Z
1812,Sesión ordinaria del 30 de enero 2024,,False,1278,Ordinaria,1,2024-01-30,2024-01-30T21:08:29.000Z,2024-01-30T22:35:28.000Z,2,2024-04-04T16:42:58.000Z
1821,Sesión ordinaria del 05 de febrero 2024,,False,1287,Ordinaria,1,2024-02-05,2024-02-05T21:01:32.000Z,2024-02-05T23:15:56.000Z,1,2024-04-08T20:24:47.000Z
1839,Sesión ordinaria del 21 de febrero 2024,,False,1305,Ordinaria,1,2024-02-21,2024-02-21T15:45:15.000Z,2024-02-21T17:28:25.000Z,1,2024-04-08T20:30:44.000Z
1842,Sesión ordinaria del 22 de febrero 2024,,False,1308,Ordinaria,1,2024-02-22,2024-02-22T15:39:39.000Z,2024-02-22T17:14:22.000Z,1,2024-04-08T20:32:33.000Z
1848,Sesión ordinaria del 27 de febrero 2024,,False,1314,Ordinaria,1,2024-02-27,2024-02-27T15:37:59.000Z,2024-02-27T17:09:04.000Z,1,2024-04-08T20:35:09.000Z
1851,Sesión ordinaria del 28 de febrero 2024,,False,1317,Ordinaria,1,2024-02-28,2024-02-28T15:55:24.000Z,2024-02-28T17:50:38.000Z,1,2024-04-08T20:36:00.000Z
1857,Sesión ordinaria del 05 de marzo 2024,,False,1326,Ordinaria,1,2024-03-05,2024-03-05T15:41:21.000Z,2024-03-05T17:40:56.000Z,1,2024-04-08T20:37:50.000Z
1860,Sesión ordinaria del 06 de marzo 2024,,False,1329,Ordinaria,1,2024-03-06,2024-03-06T15:07:38.000Z,2024-03-06T20:37:33.000Z,1,2024-04-08T20:39:16.000Z
1863,Sesión ordinaria del 11 de marzo 2024,,False,1335,Ordinaria,1,2024-03-11,2024-03-11T21:05:23.000Z,2024-03-11T23:08:12.000Z,2,2024-04-08T20:41:18.000Z
1869,Sesión ordinaria del 13 de febrero 2024,,False,1341,Ordinaria,1,2024-03-13,2024-03-13T15:39:58.000Z,2024-03-13T17:47:32.000Z,1,2024-04-08T20:44:14.000Z
1881,Sesión ordinaria del 20 de marzo 2024,,False,1353,Ordinaria,1,2024-03-20,2024-03-20T16:09:26.000Z,2024-03-20T18:12:43.000Z,2,2024-04-08T20:47:18.000Z
1887,Sesión ordinaria del 25 de marzo 2024,,False,1359,Ordinaria,1,2024-03-25,2024-03-25T21:12:16.000Z,2024-03-25T23:14:06.000Z,1,2024-04-08T20:48:35.000Z
1890,Sesión ordinaria del 26 de marzo 2024,,False,1362,Ordinaria,1,2024-03-26,2024-03-26T15:19:45.000Z,2024-03-26T18:30:16.000Z,1,2024-04-08T20:49:47.000Z
1893,Sesión ordinaria del 01 de abril 2024,,False,1365,Ordinaria,1,2024-04-01,2024-04-01T20:54:30.000Z,2024-04-01T22:03:42.000Z,2,2024-04-08T20:53:30.000Z
1902,Sesión ordinaria del 03 de abril 2024.,,False,1371,Ordinaria,1,2024-04-03,2024-04-03T15:07:08.000Z,2024-04-03T18:04:52.000Z,1,2024-04-23T00:42:14.000Z
1908,Sesión ordinaria del 08 de abril 2024,,False,1377,Ordinaria,1,2024-04-08,2024-04-08T21:18:10.000Z,2024-04-08T23:18:08.000Z,2,2024-04-23T00:44:28.000Z
1911,Sesión ordinaria del 09 de abril 2024,,False,1380,Ordinaria,1,2024-04-09,2024-04-09T15:31:27.000Z,2024-04-09T17:21:11.000Z,1,2024-04-23T00:45:11.000Z
1914,Sesión ordinaria del 10 de abril 2024,,False,1383,Ordinaria,1,2024-04-10,2024-04-10T15:29:43.000Z,2024-04-10T17:21:25.000Z,1,2024-04-23T00:46:56.000Z
1920,Sesión ordinaria del 15 de abril 2024,,False,1389,Ordinaria,1,2024-04-15,2024-04-15T21:24:04.000Z,2024-04-15T22:38:37.000Z,1,2024-04-23T00:50:37.000Z
1978,Sesión ordinaria 23 abril 2024.,Sesión ordinaria 23 abril 2024.,False,1404,Ordinaria,1,2024-04-23,2024-04-23T15:47:44.000Z,2024-04-23T20:00:37.000Z,1,2024-06-13T04:18:37.000Z
1993,Sesión ordinaria 24 abril 2024.,,False,1407,Ordinaria,1,2024-04-24,2024-04-24T15:36:29.000Z,2024-04-24T20:46:31.000Z,1,2024-06-13T04:27:36.000Z
2011,Sesión Ordinaria del 3 de Julio 2023,,False,1450,Ordinaria,1,2024-07-03,2024-07-03T20:49:48.000Z,2024-07-04T01:42:28.000Z,1,2024-07-04T14:32:36.000Z
2023,Sesión Ordinaria del 24 de Julio 2024,,False,1489,Ordinaria,1,2024-07-24,2024-07-24T21:57:52.000Z,2024-07-25T01:34:50.000Z,1,2024-07-30T17:28:20.000Z
2026,Sesión Ordenaria 29 de Julio 2024,,False,1495,Ordinaria,1,2024-07-29,2024-07-29T22:00:35.000Z,2024-07-30T17:24:10.000Z,1,2024-07-30T17:29:32.000Z
2029,Sesión Ordenaria 30 de Julio 2024,,False,1498,Ordinaria,1,2024-07-30,2024-07-30T20:52:47.000Z,2024-07-30T23:35:02.000Z,1,2024-07-31T20:32:06.000Z
2326,Sesion ordinaria 7 de agosto 2024,Votación Nombramientos,False,1513,Ordinaria,1,2024-08-07,2024-08-07T20:58:22.000Z,2024-08-08T12:47:50.000Z,1,2024-09-13T15:09:04.000Z
2329,Sesion ordinaria 8 de agosto 2024,Votación Miembro de la Junta Directiva del Canal de Panamá por el Organo Legislativo,False,1516,Ordinaria,1,2024-08-08,2024-08-08T15:36:32.000Z,2024-08-08T18:52:00.000Z,1,2024-09-13T15:11:15.000Z
2332,Sesion permanente 26 de agosto 2024,Votación Segundo Debate al proyecto de Ley N°8,False,1543,4,1,2024-08-26,2024-08-26T20:47:14.000Z,2024-08-27T01:25:56.000Z,1,2024-09-13T15:13:54.000Z
2335,Sesion permanente 27 de agosto 2024,"Votación Ratificaciones de Nombramientos, Tercer Debate al proyecto de Ley N°8",False,1546,4,1,2024-08-27,2024-08-27T20:52:46.000Z,2024-08-28T00:34:31.000Z,2,2024-09-13T15:16:08.000Z
2338,Sesion permanente 28 de agosto 2024,Votacion Segundo Debate al proyecto de Ley N°9,False,1549,4,1,2024-08-28,2024-08-28T21:04:39.000Z,2024-08-29T21:53:10.000Z,1,2024-09-13T15:22:10.000Z
2341,Sesion permanente 2 de septiembre 2024,Votación  Tercer Debate al proyecto de Ley N°9,False,1555,4,1,2024-09-02,2024-09-02T20:53:47.000Z,2024-09-03T12:23:30.000Z,1,2024-09-13T15:35:15.000Z
2344,Sesion permanente 3 de septiembre 2024,Votación Ratificaciones de Nombramientos,False,1558,4,1,2024-09-03,2024-09-03T21:12:59.000Z,2024-09-04T22:16:53.000Z,1,2024-09-13T15:36:40.000Z
2347,Sesion ordinaria 10 de septiembre 2024,Votación Segundo Debate al proyecto de Ley N°36,False,1570,Ordinaria,1,2024-09-10,2024-09-10T21:23:40.000Z,2024-09-11T01:13:04.000Z,1,2024-09-13T15:38:05.000Z
2350,Sesion permanente 11 de septiembre 2024,Votación Tercer Debate al proyecto de Ley N°36,False,1573,4,1,2024-09-11,2024-09-11T20:57:38.000Z,2024-09-12T02:29:36.000Z,1,2024-09-13T15:39:53.000Z
2353,Sesion ordinaria 12 de septiembre 2024,Votación Segundo Debate al proyecto de Ley N°37,False,1576,Ordinaria,1,2024-09-12,2024-09-12T15:37:49.000Z,2024-09-12T19:35:02.000Z,1,2024-09-13T15:41:05.000Z
2356,Sesion permanente 17 de septiembre2024,Votaciòn,False,1582,4,1,2024-09-17,2024-09-17T21:05:34.000Z,2024-09-18T01:28:32.000Z,2,2024-09-18T01:30:02.000Z
2368,SESIÓN ORDINARIA 18 DE SEPTIEMBRE 2024,VOTACIÓN,False,1585,Ordinaria,1,2024-09-18,2024-09-18T21:09:49.000Z,2024-09-19T01:11:32.000Z,2,2024-09-19T01:15:50.000Z
2378,Sesión Ordinaria 23-09-2024,Votación,False,1591,Ordinaria,1,2024-09-23,2024-09-23T20:53:14.000Z,2024-09-24T00:59:32.000Z,3,2024-09-24T23:30:36.000Z
2381,Sesión Ordinaria 24-09-2024,Votación,False,1592,Ordinaria,1,2024-09-24,2024-09-24T20:51:07.000Z,2024-09-25T00:57:57.000Z,4,2024-09-25T01:26:23.000Z
2384,Sesión Ordinaria 25-09-2024,Votación,False,1595,Ordinaria,1,2024-09-25,2024-09-25T21:00:53.000Z,2024-09-25T23:40:51.000Z,3,2024-09-26T18:00:43.000Z
2387,Sesión Ordinaria 26-09-2024,Votación,False,1598,Ordinaria,1,2024-09-26,2024-09-26T15:10:33.000Z,2024-09-26T17:09:08.000Z,1,2024-09-26T18:02:39.000Z
2390,Sesion Ordinaria 30 de septiembre 2024,Votación,False,1601,Ordinaria,1,2024-09-30,2024-09-30T20:50:24.000Z,2024-10-01T01:20:27.000Z,2,2024-10-01T01:22:12.000Z
2393,Sesión Ordinaria 01 Oct. 2024,Votación,False,1607,Ordinaria,1,2024-10-01,2024-10-01T20:44:33.000Z,2024-10-02T00:39:51.000Z,4,2024-10-02T01:08:05.000Z
2396,Sesion Ordinaria 2 de Octubre 2024,votación,False,1610,Ordinaria,1,2024-10-02,2024-10-02T21:57:16.000Z,2024-10-03T00:32:55.000Z,5,2024-10-03T01:08:24.000Z
2399,Sesionn Ordinaria 3 de octubre 2024,Votación,False,1613,Ordinaria,1,2024-10-03,2024-10-03T15:00:57.000Z,2024-10-03T19:32:08.000Z,2,2024-10-04T15:44:50.000Z
2408,Sesion Ordinaria 8 de cotubre 2024,Votación,False,1619,Ordinaria,1,2024-10-08,2024-10-08T21:04:19.000Z,2024-10-09T00:26:31.000Z,4,2024-10-09T22:02:50.000Z
2435,Sesion Ordinaria 9 de octubre 2024,Votación,False,1622,4,1,2024-10-09,2024-10-09T21:07:19.000Z,2024-10-14T22:07:56.000Z,3,2024-10-23T21:02:01.000Z
2438,Sesion Ordinaria 15 de octubre 2024,Votación,False,1631,Ordinaria,1,2024-10-15,2024-10-15T21:04:05.000Z,2024-10-16T00:32:13.000Z,1,2024-10-23T21:05:56.000Z
2441,Sesion Ordinaria 16 de octubre 2024,Votación,False,1634,Ordinaria,1,2024-10-16,2024-10-16T21:00:44.000Z,2024-10-17T13:08:38.000Z,1,2024-10-23T21:09:32.000Z
2444,Sesion Ordinaria 22 octubre 2024,Votación,False,1643,Ordinaria,1,2024-10-22,2024-10-22T20:50:01.000Z,2024-10-23T14:29:38.000Z,2,2024-10-23T21:11:34.000Z
2447,Sesion Ordinaria 23 de octubre 2024,Votación,False,1646,Ordinaria,1,2024-10-23,2024-10-23T20:48:08.000Z,2024-10-24T00:48:21.000Z,2,2024-10-24T16:16:56.000Z
2450,Sesión Ordinaria 24 de Octubre 2024,Votación,False,1649,4,1,2024-10-24,2024-10-24T14:44:34.000Z,2024-10-25T01:00:35.000Z,4,2024-10-28T13:19:53.000Z
2456,Sesión Permanente 28 de Octubre 2024,Votación,False,1652,4,1,2024-10-28,2024-10-28T15:24:42.000Z,2024-10-28T20:19:23.000Z,4,2024-10-31T20:28:43.000Z
2465,Sesión Ordinaria 30 de Octubre 2024,Votación,False,1658,Ordinaria,1,2024-10-30,2024-10-30T21:29:20.000Z,2024-10-31T13:13:04.000Z,1,2024-10-31T20:41:40.000Z
2471,Sesión Permanente 31 de Octubre 2024,Votación,False,1661,4,1,2024-10-31,2024-10-31T15:37:16.000Z,2024-11-02T22:27:19.000Z,2,2024-11-01T00:13:13.000Z
2489,Sesión Ordinaria 8 de Enero 2025,Votación,False,1682,Ordinaria,1,2025-01-08,2025-01-08T20:53:11.000Z,2025-01-08T23:32:23.000Z,1,2025-01-16T21:42:52.000Z
2492,Sesión Ordinaria 13 de Enero 2025,Votación,False,1685,Ordinaria,1,2025-01-13,2025-01-13T20:55:29.000Z,2025-01-14T13:52:56.000Z,1,2025-01-16T21:43:53.000Z
2495,Sesión Ordinaria 16 de Enero 2025,Votación,False,1694,Ordinaria,1,2025-01-16,2025-01-16T15:13:31.000Z,2025-01-16T21:33:57.000Z,1,2025-01-16T21:46:03.000Z
2498,Sesión Ordinaria 20 de Enero 2025,Votación,False,1697,Ordinaria,1,2025-01-20,2025-01-20T20:42:16.000Z,2025-01-21T00:07:37.000Z,1,2025-01-21T00:08:51.000Z
2528,Sesión Ordinaria 22 de Enero 2025,Votación,False,1703,Ordinaria,1,2025-01-22,2025-01-22T20:59:26.000Z,2025-01-23T12:56:03.000Z,1,2025-02-06T15:18:46.000Z
2534,Sesión Ordinaria 27 de Enero 2025,Votación,False,1709,Ordinaria,1,2025-01-27,2025-01-27T20:29:42.000Z,2025-01-28T01:37:13.000Z,2,2025-02-06T15:31:10.000Z
2537,Sesión Ordinaria 28 de Enero 2025,Votación,False,1712,Ordinaria,1,2025-01-28,2025-01-28T20:58:11.000Z,2025-01-28T23:52:50.000Z,2,2025-02-06T15:34:24.000Z
2540,Sesión Ordinaria 3 de Febrero 2025,Votación,False,1721,Ordinaria,1,2025-02-03,2025-02-03T20:50:56.000Z,2025-02-04T00:39:21.000Z,1,2025-02-06T15:36:24.000Z
2543,Sesión Ordinaria 4 de Febrero 2025,Votación,False,1724,Ordinaria,1,2025-02-04,2025-02-04T21:13:32.000Z,2025-02-05T13:04:25.000Z,1,2025-02-06T15:39:41.000Z
2546,Sesión Ordinaria 5 de Febrero 2025,Votación,False,1727,Ordinaria,1,2025-02-05,2025-02-05T21:11:21.000Z,2025-02-06T12:21:51.000Z,2,2025-02-06T15:41:31.000Z
2549,Sesion Ordinaria 10 de febrero 2025,Votación,False,1733,Ordinaria,1,2025-02-10,2025-02-10T21:00:41.000Z,2025-02-11T01:07:18.000Z,1,2025-02-13T17:29:25.000Z
2552,Sesion Permanente 11 de febrero 2025,Votación,False,1736,4,1,2025-02-11,2025-02-11T16:49:11.000Z,2025-02-12T01:05:23.000Z,2,2025-02-13T17:30:57.000Z
2555,Sesion Ordinaria 12 de febrero 2025,Votación,False,1739,Ordinaria,1,2025-02-12,2025-02-12T17:07:53.000Z,2025-02-12T21:25:35.000Z,1,2025-02-13T17:33:45.000Z
2606,Sesión Permanente 13-Marzo-2025.,Votación,False,1751,4,1,2025-03-13,2025-03-13T14:53:48.000Z,2025-03-14T00:24:59.000Z,1,2025-03-14T18:22:04.000Z
2624,Sesion Ordinaria 26 d marzo 2025,Votacion,False,1775,Ordinaria,1,2025-03-26,2025-03-26T21:42:46.000Z,2025-03-27T00:05:28.000Z,1,2025-03-27T15:33:24.000Z
2627,Sesion Ordinaria 24 de marzo 2025,votación,False,1769,Ordinaria,1,2025-03-24,2025-03-24T20:56:21.000Z,2025-03-24T23:50:35.000Z,1,2025-03-27T15:45:30.000Z
2630,Sesion Ordinaria 25 marzo 2025,vocación,False,1772,Ordinaria,1,2025-03-25,2025-03-25T21:00:45.000Z,2025-03-26T13:21:55.000Z,2,2025-03-27T15:48:01.000Z
2633,Sesion Ordinaria,votación,False,1757,Ordinaria,1,2025-03-18,2025-03-18T21:01:17.000Z,2025-03-18T23:20:38.000Z,1,2025-03-27T15:53:28.000Z
2636,Votación,Sesion Ordinaria 19 marzo 2025,False,1760,Ordinaria,1,2025-03-19,2025-03-19T21:03:48.000Z,2025-03-20T00:01:05.000Z,2,2025-03-27T15:55:22.000Z
2639,Votación 31 de marzo 2025,sesion ordinaria,False,1781,Ordinaria,1,2025-03-31,2025-03-31T21:19:21.000Z,2025-03-31T22:51:07.000Z,1,2025-04-01T22:01:30.000Z
2642,Votacion 1 de abril 2025,Sesion Ordinaria,False,1784,Ordinaria,1,2025-04-01,2025-04-01T21:14:04.000Z,2025-04-02T18:08:59.000Z,1,2025-04-03T16:43:19.000Z
2648,Votación 7 Abril 2025,Sesión Ordinaria,False,1793,Ordinaria,1,2025-04-07,2025-04-07T21:15:44.000Z,2025-04-08T13:12:51.000Z,1,2025-04-08T17:55:21.000Z
2666,Sesión Ordinaria 16 de Abril de 2025,Votación,False,1805,4,1,2025-04-21,2025-04-21T18:50:05.000Z,2025-04-22T01:16:53.000Z,5,2025-04-30T21:34:14.000Z
2669,Sesión Permanente 29 de Abril de 2025,Votación,False,1820,4,1,2025-04-29,2025-04-29T20:34:45.000Z,2025-04-30T05:07:13.000Z,8,2025-04-30T21:53:02.000Z
2672,Sesión Ordinaria 30 de Abril de 2025,Votación,False,1823,Ordinaria,1,2025-04-30,2025-04-30T17:13:09.000Z,2025-04-30T19:46:00.000Z,7,2025-04-30T21:57:36.000Z
2678,Votación 20 de mayo de 2025.,Sesión Ordinaria del 20 de mayo de 2025.,False,1847,Ordinaria,1,2025-05-20,2025-05-20T22:13:39.000Z,2025-05-20T23:08:22.000Z,1,2025-05-21T13:37:45.000Z
2693,Votacion 27 de mayo 2025,Sesion Extraordinaria,False,1856,Extraordinaria,1,2025-05-27,2025-05-27T21:33:14.000Z,2025-05-27T23:33:51.000Z,2,2025-05-27T23:35:38.000Z
2696,Votacion 26 de mayo 2025,Sesion Extraordinaria,False,1853,Extraordinaria,1,2025-05-26,2025-05-26T21:06:57.000Z,2025-05-27T16:25:10.000Z,1,2025-05-27T23:37:22.000Z
2729,Votacion 11 de junio 2025,sesion extraordinaria,False,1874,Extraordinaria,1,2025-06-11,2025-06-11T21:21:37.000Z,2025-06-12T00:35:30.000Z,3,2025-06-12T13:20:06.000Z
2732,Votacion 10 de junio 2025,sesion extraordinaria,False,1871,Extraordinaria,1,2025-06-10,2025-06-10T21:27:17.000Z,2025-06-11T00:17:31.000Z,1,2025-06-12T13:31:50.000Z
2762,Votación 9 de Julio 2025,Sesión Ordinaria,False,1898,Ordinaria,1,2025-07-09,2025-07-09T21:17:32.000Z,2025-07-09T23:43:23.000Z,2,2025-07-10T00:08:13.000Z
2765,Votación 29 de julio 2025,Sesion Ordinaria,False,1952,Ordinaria,1,2025-07-29,2025-07-29T21:20:07.000Z,2025-07-29T22:38:49.000Z,1,2025-07-29T22:40:12.000Z
2771,Votacion 5 de agosto 2025,Sesion Ordinaria,False,1967,Ordinaria,1,2025-08-05,2025-08-05T21:15:59.000Z,2025-08-05T23:16:47.000Z,1,2025-08-13T21:39:49.000Z
2774,Votacion 7 de agosto 2025,Sesion Ordinaria,False,1979,Ordinaria,1,2025-08-07,2025-08-07T15:38:31.000Z,2025-08-07T17:20:05.000Z,1,2025-08-13T21:40:40.000Z
2777,Votacion 11 de agosto 2025,Sesion Ordinaria,False,1994,Ordinaria,1,2025-08-11,2025-08-11T21:22:56.000Z,2025-08-12T00:02:30.000Z,1,2025-08-13T21:41:35.000Z
2780,Votacion 12 de agosto 2025,Sesion Ordinaria,False,1997,Ordinaria,1,2025-08-12,2025-08-12T20:53:01.000Z,2025-08-12T23:15:24.000Z,1,2025-08-13T21:42:31.000Z
2783,Votación 18 de agosto 2025,Sesion Ordinaria,False,2006,Ordinaria,1,2025-08-18,2025-08-18T21:16:59.000Z,2025-08-18T23:52:42.000Z,2,2025-08-18T23:59:46.000Z
2789,Votación 19 de agosto 2025,Sesion ordinaria 19 de agosto de 2025,False,2009,Ordinaria,1,2025-08-19,2025-08-19T21:19:31.000Z,2025-08-20T00:14:58.000Z,3,2025-08-20T15:14:19.000Z
2795,Votación 27 de agosto 2025,Sesión ordinaria 27 de agosto de 2025,False,2033,Ordinaria,1,2025-08-27,2025-08-27T21:44:28.000Z,2025-08-27T23:28:49.000Z,1,2025-08-28T15:54:44.000Z
2804,Votación 4 de septiembre de 2025,Sesión Ordinaria 4 de septiembre de 2025,False,2048,Ordinaria,1,2025-09-04,2025-09-04T15:37:46.000Z,2025-09-04T21:02:04.000Z,3,2025-09-05T13:34:46.000Z
2807,Votación 8 de septiembre de 2025,Sesión Ordinaria 8 de septiembre de 2025,False,2051,Ordinaria,1,2025-09-08,2025-09-08T21:02:30.000Z,2025-09-08T22:57:19.000Z,1,2025-09-09T20:57:23.000Z
2813,Votación 16 de septiembre de 2025,Sesión Ordinaria 16 de septiembre de 2025,False,2066,Ordinaria,1,2025-09-16,2025-09-16T21:18:23.000Z,2025-09-17T00:37:29.000Z,2,2025-09-17T14:11:52.000Z
2816,Votación 15 de septiembre de 2025,Sesión Ordinaria 15 de septiembre de 2025,False,2063,Ordinaria,1,2025-09-15,2025-09-15T21:09:21.000Z,2025-09-16T01:11:25.000Z,1,2025-09-17T14:15:45.000Z
2843,Votación 17 de septiembre de 2025,Sesión ordinaria 17 de septiembre de 2025,False,2069,Ordinaria,1,2025-09-17,2025-09-17T21:36:04.000Z,2025-09-18T00:27:08.000Z,2,2025-09-22T19:30:35.000Z
2855,"Votación 22, 23 y 24 de septiembre de 2025",Sesión Permanente 22 de septiembre de 2025,False,2075,4,1,2025-09-22,2025-09-22T21:04:33.000Z,2025-09-25T02:32:35.000Z,6,2025-09-26T19:25:06.000Z
2858,Votación 29 de septiembre de 2025,Sesión Ordinaria 29 de septiembre de 2025,False,2084,Ordinaria,1,2025-09-29,2025-09-29T21:41:24.000Z,2025-09-30T00:37:07.000Z,1,2025-09-30T16:00:57.000Z
2861,Votación 02 de octubre de 2025,Sesión Ordinaria 02 de octubre de 2025,False,2093,Ordinaria,1,2025-10-02,2025-10-02T15:40:07.000Z,2025-10-02T17:11:26.000Z,2,2025-10-06T15:05:48.000Z
2864,Votación 06 de octubre de 2025,Sesión Ordinaria 06 de octubre de 2025,False,2099,Ordinaria,1,2025-10-06,2025-10-06T21:25:09.000Z,2025-10-07T13:04:29.000Z,2,2025-10-07T16:49:38.000Z
2870,Votación 8 de octubre de 2025,Sesión Ordinaria 8 de octubre de 2025,False,2102,4,1,2025-10-07,2025-10-07T21:06:59.000Z,2025-10-09T01:22:54.000Z,1,2025-10-09T00:42:38.000Z
2873,Votación 14 de octubre de 2025,Sesión Ordinaria 14 de octubre de 2025,False,2120,Ordinaria,1,2025-10-14,2025-10-14T19:41:36.000Z,2025-10-15T13:01:58.000Z,1,2025-10-15T15:07:23.000Z
2876,Votación 15 de octubre de 2025,Sesión Ordinaria 15 de octubre de 2025,False,2126,Ordinaria,1,2025-10-15,2025-10-15T21:08:51.000Z,2025-10-16T00:18:10.000Z,2,2025-10-16T15:35:02.000Z
2879,Votación 20 de octubre de 2025,Sesión Ordinaria 20 de octubre de 2025,False,2147,Ordinaria,2,2025-10-20,2025-10-20T20:35:36.000Z,2025-10-21T00:15:56.000Z,1,2025-10-21T14:45:40.000Z
2885,Votación 21 de Octubre 2025,Sesión Ordinaria 21 de Octubre 2025,False,2150,Ordinaria,1,2025-10-21,2025-10-21T21:11:52.000Z,2025-10-22T01:25:00.000Z,3,2025-10-22T15:37:36.000Z
2894,Votación 22 y 23 de Octubre 2025.,Sesión Permanente 22 y 23 de Octubre 2025.,False,2156,4,1,2025-10-22,2025-10-22T15:36:27.000Z,2025-10-23T22:29:36.000Z,3,2025-10-24T13:33:13.000Z
2900,Votación de 16 de Septiembre 2025.,Sesión Ordinaria de 16 de Septiembre 2025.,False,2066,Ordinaria,1,2025-09-16,2025-09-16T21:18:23.000Z,2025-09-17T00:37:29.000Z,2,2025-10-28T15:45:32.000Z
2903,Votación de 17 de Septiembre 2025.,Sesión Ordinaria de 17 de Septiembre 2025.,False,2069,Ordinaria,1,2025-09-17,2025-09-17T21:36:04.000Z,2025-09-18T00:27:08.000Z,1,2025-10-28T15:47:50.000Z
2906,Votación de 25 de Septiembre 2025.,Sesión Ordinaria de 25 de Septiembre 2025.,False,2081,Ordinaria,1,2025-09-25,2025-09-25T16:05:55.000Z,2025-09-26T19:42:41.000Z,5,2025-10-28T15:53:45.000Z
2909,Votación de 30 de Septiembre y 01 de Octubre de 2025.,Sesión Permanente del 30 de Septiembre y 01 de Octubre de 2025.,False,2087,4,1,2025-09-30,2025-09-30T21:34:23.000Z,2025-10-02T15:39:46.000Z,2,2025-10-28T16:03:41.000Z
2915,Votación de 09 de Octubre 2025.,Sesión Ordinaria de 09 de Octubre 2025.,False,2108,Ordinaria,1,2025-10-09,2025-10-09T15:26:31.000Z,2025-10-09T18:27:13.000Z,2,2025-10-28T16:23:03.000Z
2918,Votación de 13 de Octubre 2025.,Sesión Ordinaria de 13 de Octubre 2025.,False,2111,Ordinaria,1,2025-10-13,2025-10-13T21:06:15.000Z,2025-10-14T01:15:48.000Z,1,2025-10-28T16:26:12.000Z
2936,Votación de 27 de Octubre de 2025.,Sesión Ordinaria de 27 de Octubre de 2025.,False,2162,Ordinaria,1,2025-10-27,2025-10-27T18:24:46.000Z,2025-10-27T21:53:39.000Z,2,2025-10-31T16:25:58.000Z
2939,Votación de 29 de Octubre de 2025.,Sesión Ordinaria de 29 de Octubre de 2025.,False,2180,4,1,2025-10-29,2025-10-29T16:11:39.000Z,2025-10-29T22:15:14.000Z,7,2025-10-31T16:33:18.000Z
2942,Votación de 30 de Octubre de 2025.,Sesión Ordinaria de 30 de Octubre de 2025.,False,2183,Ordinaria,1,2025-10-30,2025-10-30T15:45:23.000Z,2025-10-30T19:48:29.000Z,8,2025-10-31T16:39:43.000Z
2948,Votación 05 de Enero de 2026,Sesión ordinaria 05 de Enero de 2026,False,2237,Ordinaria,1,2026-01-05,2026-01-05T21:20:52.000Z,2026-01-06T05:30:10.000Z,2,2026-01-06T05:35:15.000Z
2951,Votación 06 de Enero de 2026,Sesión ordinaria 06 de enero de 2026,False,2243,Ordinaria,1,2026-01-06,2026-01-06T21:22:44.000Z,2026-01-07T00:00:15.000Z,1,2026-01-07T00:28:40.000Z
2954,Votación 07 de Enero de 2026,Sesión Ordinaria 07 de Enero de 2026,False,2249,Ordinaria,1,2026-01-07,2026-01-07T21:21:24.000Z,2026-01-08T01:13:14.000Z,2,2026-01-08T04:42:12.000Z
2957,Votación 08 de Enero de 2026,Sesión Ordinaria 08 de Enero de 2026,False,2252,Ordinaria,1,2026-01-08,2026-01-08T15:33:03.000Z,2026-01-08T18:36:24.000Z,1,2026-01-09T11:22:03.000Z
2966,Votación 12 de Enero de 2026,Sesión Ordinaria 12 de Enero de 2026,False,2255,Ordinaria,1,2026-01-12,2026-01-12T21:33:26.000Z,2026-01-13T01:29:14.000Z,1,2026-01-13T11:04:53.000Z
3059,Votación 13 de Enero de 2026.,Sesión Ordinaria 13 de Enero de 2026.,False,2258,Ordinaria,1,2026-01-13,2026-01-13T21:29:18.000Z,2026-01-14T13:21:03.000Z,2,2026-01-27T14:29:13.000Z
3065,Votación 14 y 15 de Enero de 2026.,Sesión Permanente 14 y 15 de Enero de 2026.,False,2264,4,1,2026-01-14,2026-01-14T21:29:59.000Z,2026-01-15T18:21:02.000Z,2,2026-01-27T14:33:51.000Z
3068,Votación 19 de Enero de 2026.,Sesión Ordinaria 19 de Enero de 2026.,False,2267,Ordinaria,1,2026-01-19,2026-01-19T21:34:52.000Z,2026-01-20T01:28:06.000Z,1,2026-01-27T14:35:40.000Z
3071,Votación 20 de Enero de 2026.,Sesión Ordinaria 20 de Enero de 2026.,False,2270,Ordinaria,1,2026-01-20,2026-01-20T21:35:42.000Z,2026-01-21T01:43:58.000Z,2,2026-01-27T14:37:07.000Z
3074,Votación 21 de Enero de 2026.,Sesión Ordinaria 21 de Enero de 2026.,False,2273,Ordinaria,1,2026-01-21,2026-01-21T21:25:16.000Z,2026-01-22T01:26:16.000Z,1,2026-01-27T14:55:03.000Z
3077,Votación 26 de Enero de 2026.,Sesión Ordinaria 26 de Enero de 2026.,False,2279,Ordinaria,1,2026-01-26,2026-01-26T21:14:17.000Z,2026-01-27T01:31:22.000Z,3,2026-01-27T14:56:41.000Z
3080,Votación 28 de enero de 2026,Sesión Ordinaria de 28 de enero de 2026,False,2291,Ordinaria,1,2026-01-28,2026-01-28T21:59:58.000Z,2026-01-29T00:10:32.000Z,1,2026-01-29T12:44:42.000Z
3086,Votación 2 de febrero de 2026,Sesión Ordinaria 2 de febrero de 2026,False,2300,Ordinaria,1,2026-02-02,2026-02-02T21:11:00.000Z,2026-02-02T23:36:42.000Z,2,2026-02-02T23:51:22.000Z
3089,Votación 3 de febrero de 2026,Sesión Ordinaria 3 de febrero de 2026,False,2312,Ordinaria,1,2026-02-03,2026-02-03T21:10:10.000Z,2026-02-03T23:22:28.000Z,2,2026-02-03T23:23:55.000Z
3092,Votacion 4 de febrero de 2026,Sesion ordinaria 4 de febrero de 2026,False,2318,Ordinaria,1,2026-02-04,2026-02-04T21:13:59.000Z,2026-02-04T23:44:49.000Z,1,2026-02-04T23:46:00.000Z
3095,Votación 5 de febrero de 2026,Sesión Ordinaria 5 de febrero de 2026,False,2324,Ordinaria,1,2026-02-05,2026-02-05T15:09:44.000Z,2026-02-05T17:25:28.000Z,2,2026-02-05T17:27:33.000Z
3098,Votación 9 de febrero de 2026,Sesión Ordinaria 9 de febrero de 2026,False,2330,Ordinaria,1,2026-02-09,2026-02-09T21:25:06.000Z,2026-02-10T01:00:13.000Z,2,2026-02-10T01:01:19.000Z
3101,Votación 10 de febrero de 2026,Sesión Ordinaria 10 de febrero de 2026,False,2336,Ordinaria,1,2026-02-10,2026-02-10T21:37:51.000Z,2026-02-11T15:49:29.000Z,1,2026-02-11T18:53:26.000Z
3110,Votación 24 de febrero de 2026,Sesión Ordinaria 24 de febrero de 2026,False,2360,Ordinaria,1,2026-02-24,2026-02-24T21:20:44.000Z,2026-02-25T00:28:14.000Z,2,2026-02-25T00:29:57.000Z
